"DATE_TIME","AIRTEMP","RH_AVG","DEWPT","WS","GHI","DNI","DIFF","POA"
"2023-07-26 12:50:00",29.81,52.88,19.18,1.31,927.1,772.5,207.9,934
"2023-07-26 13:00:00",30.21,52.62,19.47,0.565,931.8,763.9,219.5,939
"2023-07-26 13:10:00",30.03,51.66,19.01,1.321,955.6,757.2,249.4,971
"2023-07-26 13:20:00",30.54,49.77,18.87,1.042,832.9,594.3,279.4,1026
"2023-07-26 13:30:00",30.66,49.87,19.02,1.075,982.6,753.7,282.6,1002
"2023-07-26 13:40:00",30.81,49.81,19.14,1.645,981.6,761.3,277.6,1009
"2023-07-26 13:50:00",30.56,49.32,18.75,1.748,967.2,754.2,273.8,1011
"2023-07-26 14:00:00",30.31,50.65,18.95,1.657,994.3,744.3,315,835
"2023-07-26 14:10:00",30.19,50.33,18.74,1.615,886,657.7,290.9,990
"2023-07-26 14:20:00",30.42,48.56,18.38,0.944,969.4,746.7,300.8,1000
"2023-07-26 14:30:00",30.95,49.08,19.03,1.476,936.4,743,278.9,995
"2023-07-26 14:40:00",30.44,48.44,18.35,1.882,925.4,723.1,294.1,985
"2023-07-26 14:50:00",30.74,48.23,18.56,1.307,775.8,520.3,328.3,313
"2023-07-26 15:00:00",30.71,49.13,18.84,1.687,875.9,708.3,277,946
"2023-07-26 15:10:00",30.79,47.79,18.46,1.592,870.3,712.8,278.6,942
"2023-07-26 15:20:00",30.87,47.82,18.55,1.01,838.5,699.3,269.8,928
"2023-07-26 15:30:00",30.94,47.37,18.45,1.511,836.6,685.9,290.9,884
"2023-07-26 15:40:00",30.87,48.17,18.67,1.472,787.5,658,276.5,880
"2023-07-26 15:50:00",31.05,48.47,18.92,1.486,825,649.9,333.2,889
"2023-07-26 16:00:00",31.34,47.71,18.94,1.453,229.5,35.5,203.4,803
"2023-07-26 16:10:00",31.1,48.51,18.98,1.291,741.8,665,267.3,833
"2023-07-26 16:20:00",31.12,48.01,18.83,1.035,725.8,613.7,302,773.5
"2023-07-26 16:30:00",31.01,47.84,18.68,2.143,789.4,626.3,371.9,778.5
"2023-07-26 16:40:00",30.91,48.06,18.66,1.303,617.4,590.2,238.5,709.5
"2023-07-26 16:50:00",31.05,47.52,18.61,0.896,589.3,583.6,229.6,681.8
"2023-07-26 17:00:00",31.47,46.82,18.75,0.807,582.7,580.4,240.2,692
"2023-07-26 17:10:00",31.57,46.33,18.68,0.7,552.8,571.5,231,653.4
"2023-07-26 17:20:00",31.49,47.02,18.85,1.242,546.9,566,243.9,481.5
"2023-07-26 17:30:00",31.16,48.05,18.89,1.267,221.6,48.3,197.1,296.8
"2023-07-26 17:40:00",30.77,49.13,18.89,1.252,135.7,0,135.7,145.3
"2023-07-26 17:50:00",30.43,49.68,18.75,1.186,493.4,477.4,279.1,464.9
"2023-07-26 18:00:00",30.8,48.87,18.82,1.494,378.4,472.9,180.2,420.1
"2023-07-26 18:10:00",30.88,48.36,18.74,1.774,328.3,450.6,153,398.5
"2023-07-26 18:20:00",30.9,48.24,18.71,1.43,299.3,419.3,149,360.9
"2023-07-26 18:30:00",31.03,48.26,18.83,1.418,247.5,375.1,124.6,297
"2023-07-26 18:40:00",30.89,48.71,18.86,2.1,226,370.2,116.2,120.2
"2023-07-26 18:50:00",30.65,48.91,18.71,1.627,175.3,288,98.8,93.5
"2023-07-26 19:00:00",30.4,50.57,19.02,0.864,65.2,0,65.2,68.25
"2023-07-26 19:10:00",30.17,51.21,19.01,1.064,57.7,0,57.7,54.83
"2023-07-26 19:20:00",29.82,52.21,18.99,0.677,46.1,0,46.1,46
"2023-07-26 19:30:00",29.55,52.69,18.89,0.78,45,0,45,46
"2023-07-26 19:40:00",29.3,53.41,18.88,0.832,37,0,37,38.75
"2023-07-26 19:50:00",29.14,54.03,18.91,0.758,27.5,0,27.5,29.67
"2023-07-26 20:00:00",29.11,54.52,19.02,0.286,13.2,0,13.2,13.25
"2023-07-26 20:10:00",29,54.4,18.89,0.841,6,0,6,6
"2023-07-26 20:20:00",28.74,55.12,18.87,0.759,2,0,2,3
"2023-07-26 20:30:00",28.56,55.64,18.84,0.696,0,0,0,1
"2023-07-26 20:40:00",28.34,56.31,18.83,0.638,0,0,0,0
"2023-07-26 20:50:00",28.13,57.28,18.91,0.898,0,0,0,0
"2023-07-26 21:00:00",28.06,59.05,19.34,1.649,0,0,0,0
"2023-07-26 21:10:00",27.68,60.8,19.44,0.612,0,0,0,0
"2023-07-26 21:20:00",27.36,62.11,19.49,1.454,0,0,0,0
"2023-07-26 21:30:00",27.07,62.9,19.41,0.105,0,0,0,0
"2023-07-26 21:40:00",26.81,62.51,19.07,1.552,0,0,0,0
"2023-07-26 21:50:00",26.6,62.11,18.78,1.992,0,0,0,0
"2023-07-26 22:00:00",26.4,62.12,18.58,2.662,0,0,0,0
"2023-07-26 22:10:00",26.15,62.3,18.4,2.158,0,0,0,0
"2023-07-26 22:20:00",25.88,62.53,18.2,2.166,0,0,0,0
"2023-07-26 22:30:00",25.62,63.42,18.18,2.61,0,0,0,0
"2023-07-26 22:40:00",25.38,64.86,18.31,2.217,0,0,0,0
"2023-07-26 22:50:00",25.16,66.09,18.4,1.906,0,0,0,0
"2023-07-26 23:00:00",24.97,67.79,18.62,2.053,0,0,0,0
"2023-07-26 23:10:00",24.71,69.46,18.77,2.012,0,0,0,0
"2023-07-26 23:20:00",24.52,71.35,19.02,1.463,0,0,0,0
"2023-07-26 23:30:00",24.37,72.79,19.19,1.716,0,0,0,0
"2023-07-26 23:40:00",24.21,73.66,19.23,1.784,0,0,0,0
"2023-07-26 23:50:00",24.09,74.25,19.24,1.928,0,0,0,0
"2023-07-27 00:00:00",23.95,74.66,19.2,1.298,0,0,0,0
"2023-07-27 00:10:00",23.8,75.65,19.26,1.324,0,0,0,0
"2023-07-27 00:20:00",23.64,76.33,19.25,0.937,0,0,0,0
"2023-07-27 00:30:00",23.52,77.59,19.4,1.688,0,0,0,0
"2023-07-27 00:40:00",23.42,78.64,19.52,1.442,0,0,0,0
"2023-07-27 00:50:00",23.31,79.6,19.6,1.733,0,0,0,0
"2023-07-27 01:00:00",23.23,80.5,19.71,1.492,0,0,0,0
"2023-07-27 01:10:00",23.15,81.5,19.82,0.985,0,0,0,0
"2023-07-27 01:20:00",23.05,82.6,19.95,1.075,0,0,0,0
"2023-07-27 01:30:00",22.98,83.6,20.06,0.937,0,0,0,0
"2023-07-27 01:40:00",22.82,84.7,20.12,0.635,0,0,0,0
"2023-07-27 01:50:00",22.63,86.4,20.26,1.288,0,0,0,0
"2023-07-27 02:00:00",22.67,87.7,20.54,2.013,0,0,0,0
"2023-07-27 02:10:00",22.62,88.4,20.62,1.44,0,0,0,0
"2023-07-27 02:20:00",22.61,89.2,20.76,1.471,0,0,0,0
"2023-07-27 02:30:00",22.57,90,20.86,0.944,0,0,0,0
"2023-07-27 02:40:00",22.47,90.7,20.9,0.747,0,0,0,0
"2023-07-27 02:50:00",22.4,91.6,20.97,0.99,0,0,0,0
"2023-07-27 03:00:00",22.34,92.1,21.02,0.889,0,0,0,0
"2023-07-27 03:10:00",22.36,92.6,21.12,0.938,0,0,0,0
"2023-07-27 03:20:00",22.44,92.9,21.25,1.332,0,0,0,0
"2023-07-27 03:30:00",22.5,92.8,21.3,1.267,0,0,0,0
"2023-07-27 03:40:00",22.54,92.9,21.35,1.214,0,0,0,0
"2023-07-27 03:50:00",22.61,93,21.44,1.517,0,0,0,0
"2023-07-27 04:00:00",22.67,92.8,21.46,1.674,0,0,0,0
"2023-07-27 04:10:00",22.81,92.7,21.58,2.142,0,0,0,0
"2023-07-27 04:20:00",22.87,92.8,21.67,1.944,0,0,0,0
"2023-07-27 04:30:00",22.86,93.3,21.74,2.082,0,0,0,0
"2023-07-27 04:40:00",22.83,93.6,21.75,1.868,0,0,0,0
"2023-07-27 04:50:00",22.8,93.6,21.74,1.693,0,0,0,0
"2023-07-27 05:00:00",22.81,93.6,21.75,1.259,0,0,0,0
"2023-07-27 05:10:00",22.89,93.7,21.83,1.375,0,0,0,0
"2023-07-27 05:20:00",22.98,93.4,21.88,1.19,0,0,0,0
"2023-07-27 05:30:00",23.03,93.4,21.92,1.156,0,0,0,0
"2023-07-27 05:40:00",23.1,93.8,22.07,1.536,0,0,0,0
"2023-07-27 05:50:00",23.18,94.1,22.2,1.584,0,0,0,1
"2023-07-27 06:00:00",23.24,94.6,22.35,1.865,2,0,2,3
"2023-07-27 06:10:00",23.29,95,22.46,1.436,3.3,0,3.3,4.5
"2023-07-27 06:20:00",23.41,95.2,22.62,1.151,5,0,5,5
"2023-07-27 06:30:00",23.57,95.3,22.79,1.22,8.3,0,8.3,10
"2023-07-27 06:40:00",23.68,95.2,22.89,0.963,16.9,0,16.9,15.92
"2023-07-27 06:50:00",23.84,95,23,0.98,31.8,0,31.8,27.83
"2023-07-27 07:00:00",24.07,94.2,23.09,1.458,52.4,0,52.4,48.33
"2023-07-27 07:10:00",24.3,93.2,23.14,1.204,76.9,0,76.9,79.25
"2023-07-27 07:20:00",24.54,92.2,23.22,2.141,91.8,0,91.8,85.1
"2023-07-27 07:30:00",24.75,91.3,23.26,1.664,89.8,0,89.8,79.75
"2023-07-27 07:40:00",24.87,90.7,23.26,1.671,82.9,0,82.9,86.7
"2023-07-27 07:50:00",25.01,90.3,23.32,1.688,85.6,0,85.6,92.7
"2023-07-27 08:00:00",25.11,89.9,23.34,1.791,129.5,0,129.5,123.4
"2023-07-27 08:10:00",25.29,89,23.36,2.079,135.6,0,135.6,135.8
"2023-07-27 08:20:00",25.42,88.4,23.38,2.425,75,0,75,70.25
"2023-07-27 08:30:00",25.52,88.3,23.46,2.104,153.1,0,153.1,166.3
"2023-07-27 08:40:00",25.86,87.2,23.58,1.925,171.7,0,171.7,165.1
"2023-07-27 08:50:00",26.16,85.9,23.63,2.152,145.9,0,145.9,141.1
"2023-07-27 09:00:00",26.45,84.6,23.65,2.237,104.8,0,104.8,112.5
"2023-07-27 09:10:00",26.62,83.5,23.61,1.701,122.7,0,122.7,127.2
"2023-07-27 09:20:00",27.01,81.4,23.57,2.083,154.5,0,154.5,170.1
"2023-07-27 09:30:00",27.41,79.85,23.64,1.175,153.3,0,153.3,147.2
"2023-07-27 09:40:00",27.66,78.57,23.61,0.007,127.8,1.2,127,333.4
"2023-07-27 09:50:00",28.32,76.14,23.73,0.464,519.6,556.1,138.7,378.7
"2023-07-27 10:00:00",28.91,73.45,23.69,0.438,552.2,564.2,152.6,419.1
"2023-07-27 10:10:00",29.19,72,23.63,1.748,585.5,584,158.9,461.9
"2023-07-27 10:20:00",29.38,70.92,23.57,1.886,633,619.6,167.4,505.2
"2023-07-27 10:30:00",29.86,69.33,23.65,1.951,706,620.2,227.4,592.2
"2023-07-27 10:40:00",30.21,67.61,23.56,1.997,539.1,215.4,368.8,400.4
"2023-07-27 10:50:00",30.33,67.01,23.54,2.025,658.4,344,380.1,606.9
"2023-07-27 11:00:00",30.89,65.58,23.7,2.378,865.5,634.2,341.8,627.3
"2023-07-27 11:10:00",30.85,64.96,23.52,2.547,483.5,131.9,372.5,409.8
"2023-07-27 11:20:00",31.02,64.58,23.58,1.352,729.5,397.4,389.4,558.7
"2023-07-27 11:30:00",31.11,64.45,23.62,1.97,417.2,10.8,407.9,520.3
"2023-07-27 11:40:00",31.05,64.52,23.59,1.65,266.8,0,266.8,289.1
"2023-07-27 11:50:00",30.86,65.16,23.58,1.823,994,678.2,388.9,894
"2023-07-27 12:00:00",31.36,64.09,23.77,2.233,869.8,715.2,224.8,842
"2023-07-27 12:10:00",31.42,63.67,23.72,2.378,885.6,657.3,287.4,832
"2023-07-27 12:20:00",31.78,62.83,23.83,2.347,772.1,354.4,447.2,628.8
"2023-07-27 12:30:00",31.82,62.44,23.77,1.445,602.4,93.5,516.2,657.8
"2023-07-27 12:40:00",31.84,62.44,23.79,1.968,224.3,0,224.3,255.6
"2023-07-27 12:50:00",31.45,63.69,23.75,1.976,423.4,44.5,382.1,414.9
"2023-07-27 13:00:00",31.44,63.91,23.8,1.78,954.8,696.4,306.5,974
"2023-07-27 13:10:00",31.83,62.99,23.92,1.642,911,699.9,259.2,926
"2023-07-27 13:20:00",32.06,61.87,23.84,2.495,923,705.1,267.3,961
"2023-07-27 13:30:00",32.16,61.28,23.78,2.419,765.8,460.4,338.8,972
"2023-07-27 13:40:00",32.65,59.77,23.82,2.277,976.9,640.7,385.4,799.3
"2023-07-27 13:50:00",32.55,59.35,23.61,1.497,384.4,11.4,373.9,446.4
"2023-07-27 14:00:00",32.57,59.7,23.73,2.482,501.1,89.4,419.6,395.8
"2023-07-27 14:10:00",32.27,59.82,23.49,1.504,364.7,35,333.1,510
"2023-07-27 14:20:00",32.35,60.15,23.64,1.557,894.5,664.3,300.6,952
"2023-07-27 14:30:00",33.15,57.85,23.74,1.327,922.8,691.5,311.9,991
"2023-07-27 14:40:00",33.09,57.23,23.51,0.744,919.8,713,298.4,989
"2023-07-27 14:50:00",33.13,56.47,23.32,0,713.7,386.1,382.3,862
"2023-07-27 15:00:00",32.95,57.05,23.33,1.386,259.7,0,259.7,347.8
"2023-07-27 15:10:00",32.58,58.64,23.44,1.969,342.9,68.7,286,271.8
"2023-07-27 15:20:00",32.48,59,23.45,1.753,233.7,0,233.7,218.9
"2023-07-27 15:30:00",32.59,56.24,22.75,1.232,662,246,466.6,792.8
"2023-07-27 15:40:00",32.97,55.25,22.82,1.222,841.1,552.5,413,911
"2023-07-27 15:50:00",33.6,53.86,22.97,1.297,680.2,479.2,318.4,726.7
"2023-07-27 16:00:00",33.16,53.96,22.61,1.299,329.2,35.1,303.4,476
"2023-07-27 16:10:00",33.46,54.7,23.11,0.973,605.4,406.2,316.4,690.1
"2023-07-27 16:20:00",33.56,54.59,23.17,0.117,600.3,358.2,353.6,553.9
"2023-07-27 16:30:00",33.08,55.17,22.9,1.492,470,191.6,342.7,635.9
"2023-07-27 16:40:00",32.81,55.97,22.88,2.029,595.9,476.9,290.7,686.9
"2023-07-27 16:50:00",32.9,56.43,23.11,1.72,535.1,452.4,257.1,609.8
"2023-07-27 17:00:00",33.11,57.32,23.56,1.131,526.1,457.5,257,625.8
"2023-07-27 17:10:00",32.84,58.05,23.51,1.021,470.1,449.4,218,535.8
"2023-07-27 17:20:00",32.75,58.78,23.64,1.066,469.6,425.1,242.9,540.3
"2023-07-27 17:30:00",32.78,59.29,23.81,1.171,447,425.8,231.9,419.5
"2023-07-27 17:40:00",32.73,60.12,24,1.214,327.8,274.6,197,373.3
"2023-07-27 17:50:00",32.64,60.81,24.1,1.158,435.6,408.7,253,439.5
"2023-07-27 18:00:00",32.57,61.17,24.13,1.274,133.7,0.2,133.6,238.2
"2023-07-27 18:10:00",32.21,61.96,24.01,1.777,107.1,10.7,103,327.6
"2023-07-27 18:20:00",32.2,62.54,24.15,1.72,95.8,0,95.8,96.5
"2023-07-27 18:30:00",32.08,63.1,24.19,1.09,89.4,1.2,89,84.4
"2023-07-27 18:40:00",31.98,63.82,24.29,0.904,167.7,150.4,123.5,127.3
"2023-07-27 18:50:00",31.91,64.62,24.43,0.858,68,0,68,75.75
"2023-07-27 19:00:00",31.93,64.72,24.48,1.344,74.6,0,74.6,67.58
"2023-07-27 19:10:00",31.97,65.08,24.6,1.116,71.5,0,71.5,67.42
"2023-07-27 19:20:00",31.82,65.53,24.57,0.956,51,0,51,47.42
"2023-07-27 19:30:00",31.63,66.3,24.59,0.626,24.6,0,24.6,25
"2023-07-27 19:40:00",31.39,66.69,24.46,0.921,17.2,0,17.2,18
"2023-07-27 19:50:00",31.29,67.12,24.48,0.909,9,0,9,8
"2023-07-27 20:00:00",31.15,67.59,24.45,1.246,5.1,0,5.1,5
"2023-07-27 20:10:00",30.91,68.28,24.4,0.683,3,0,3,3
"2023-07-27 20:20:00",30.62,69.14,24.34,0.618,1,0,1,1.583
"2023-07-27 20:30:00",30.41,70.17,24.38,0,0,0,0,1
"2023-07-27 20:40:00",30.19,70.97,24.36,0.29,0,0,0,0
"2023-07-27 20:50:00",30.06,71.1,24.26,0.442,0,0,0,0
"2023-07-27 21:00:00",30.01,70.65,24.11,0.354,0,0,0,0
"2023-07-27 21:10:00",29.93,70.73,24.05,0.479,0,0,0,0
"2023-07-27 21:20:00",29.89,70.59,23.98,0.36,0,0,0,0
"2023-07-27 21:30:00",29.9,70.19,23.89,0.364,0,0,0,0
"2023-07-27 21:40:00",29.72,70.16,23.71,0.463,0,0,0,0
"2023-07-27 21:50:00",29.53,71.45,23.84,0.198,0,0,0,0
"2023-07-27 22:00:00",29.54,71.42,23.83,0.273,0,0,0,0
"2023-07-27 22:10:00",29.58,69.08,23.32,0.392,0,0,0,0
"2023-07-27 22:20:00",29.57,68,23.05,0.229,0,0,0,0
"2023-07-27 22:30:00",29.53,67.87,22.99,0.168,0,0,0,0
"2023-07-27 22:40:00",29.42,67.84,22.88,0.408,0,0,0,0
"2023-07-27 22:50:00",29.25,68.37,22.84,0.279,0,0,0,0
"2023-07-27 23:00:00",29.1,68.42,22.71,0.508,0,0,0,0
"2023-07-27 23:10:00",29.08,68.1,22.61,0.198,0,0,0,0
"2023-07-27 23:20:00",29.09,68.33,22.68,0.1,0,0,0,0
"2023-07-27 23:30:00",29.02,69.42,22.87,0.048,0,0,0,0
"2023-07-27 23:40:00",28.86,70.06,22.87,0.173,0,0,0,0
"2023-07-27 23:50:00",28.77,70.4,22.86,0.002,0,0,0,0
"2023-07-28 00:00:00",28.61,71.76,23.03,0.019,0,0,0,0
"2023-07-28 00:10:00",28.43,72.46,23.01,0.026,0,0,0,0
"2023-07-28 00:20:00",28.38,73.46,23.19,0.249,0,0,0,0
"2023-07-28 00:30:00",27.78,76.93,23.39,0.436,-0.3,0,-0.3,0
"2023-07-28 00:40:00",26.96,82.6,23.77,0.221,0,0,0,0
"2023-07-28 00:50:00",26.44,85,23.74,0.018,0,0,0,0
"2023-07-28 01:00:00",26.07,86.5,23.65,0.196,0,0,0,0
"2023-07-28 01:10:00",25.83,86.7,23.45,0.087,0,0,0,0
"2023-07-28 01:20:00",25.82,86.7,23.45,0.023,0,0,0,0
"2023-07-28 01:30:00",25.69,87.8,23.54,0.005,0,0,0,0
"2023-07-28 01:40:00",25.57,88.6,23.57,0.084,0,0,0,0
"2023-07-28 01:50:00",25.47,89.3,23.59,0.088,0,0,0,0
"2023-07-28 02:00:00",25.32,90,23.57,0.243,0,0,0,0
"2023-07-28 02:10:00",25.24,90.1,23.51,0.552,0,0,0,0
"2023-07-28 02:20:00",25.33,89.4,23.47,0.427,0,0,0,0
"2023-07-28 02:30:00",25.34,89,23.42,0.383,0,0,0,0
"2023-07-28 02:40:00",25.3,89,23.37,0.218,0,0,0,0
"2023-07-28 02:50:00",25.36,89.2,23.46,0.186,0,0,0,0
"2023-07-28 03:00:00",25.51,88.9,23.56,0.161,0,0,0,0
"2023-07-28 03:10:00",25.43,88.3,23.36,0.233,0,0,0,0
"2023-07-28 03:20:00",25.34,88.4,23.3,0.169,0,0,0,0
"2023-07-28 03:30:00",25.26,89.2,23.38,0.265,0,0,0,0
"2023-07-28 03:40:00",25.13,90.1,23.41,0.057,0,0,0,0
"2023-07-28 03:50:00",25.01,91.7,23.58,0.118,0,0,0,0
"2023-07-28 04:00:00",24.88,92.6,23.62,0.293,0,0,0,0
"2023-07-28 04:10:00",24.87,93.7,23.79,0.066,0,0,0,0
"2023-07-28 04:20:00",24.74,94.1,23.74,0.364,0,0,0,0
"2023-07-28 04:30:00",24.6,94.1,23.62,0.119,0,0,0,0
"2023-07-28 04:40:00",24.5,94.4,23.55,0.123,0,0,0,0
"2023-07-28 04:50:00",24.39,94.4,23.45,0.079,0,0,0,0
"2023-07-28 05:00:00",24.27,94.2,23.29,0.162,0,0,0,0
"2023-07-28 05:10:00",24.15,94,23.15,0.19,0,0,0,0
"2023-07-28 05:20:00",23.93,93.3,22.79,0.511,0,0,0,0
"2023-07-28 05:30:00",23.92,93.5,22.83,0.476,0,0,0,0
"2023-07-28 05:40:00",23.78,93.8,22.75,0.5,0,0,0,1
"2023-07-28 05:50:00",23.75,94.3,22.79,0.345,1,0,1,3
"2023-07-28 06:00:00",23.78,93.5,22.69,0.464,4,0,4,6
"2023-07-28 06:10:00",23.71,93,22.53,0.599,8,0,8,10
"2023-07-28 06:20:00",23.66,92.7,22.42,0.314,12,0,12,14
"2023-07-28 06:30:00",23.7,92.5,22.42,0.523,16,0,16,18.58
"2023-07-28 06:40:00",23.73,92.2,22.41,0.505,19,0,19,22
"2023-07-28 06:50:00",23.79,92.2,22.46,0.413,22.2,0,22.2,25
"2023-07-28 07:00:00",23.86,92.3,22.55,0.341,25.1,0,25.1,27.75
"2023-07-28 07:10:00",23.94,92.3,22.63,0.432,28.9,0,28.9,31
"2023-07-28 07:20:00",24.11,91.8,22.71,0.433,31.7,0,31.7,34.25
"2023-07-28 07:30:00",24.31,91.2,22.79,0.384,34.2,0,34.2,38
"2023-07-28 07:40:00",24.46,90,22.72,0.632,36,0,36,40
"2023-07-28 07:50:00",24.69,87.7,22.52,0.409,38,0,38,42
"2023-07-28 08:00:00",24.95,85.9,22.44,0.351,40,0,40,45
"2023-07-28 08:10:00",25.16,84.6,22.39,0.615,42,0,42,46
"2023-07-28 08:20:00",25.3,83.4,22.3,0.308,44,0,44,48
"2023-07-28 08:30:00",25.53,82.2,22.28,0.53,45,0,45,49
"2023-07-28 08:40:00",25.63,80.3,22,0.648,46.7,0,46.7,50
"2023-07-28 08:50:00",25.79,79.86,22.06,0.201,48.3,0,48.3,51
"2023-07-28 09:00:00",26,78,21.88,0.481,50,0,50,52.17
"2023-07-28 09:10:00",26.31,77.18,22.01,0.339,52,0,52,55
"2023-07-28 09:20:00",26.56,75.88,21.97,0.238,54,0,54,62.67
"2023-07-28 09:30:00",26.87,73.04,21.64,0.498,55,0,55,325.3
"2023-07-28 09:40:00",27.26,72.48,21.89,0.485,57,0,57,365.2
"2023-07-28 09:50:00",28.26,68.47,21.91,0.32,615.8,815.1,59,407
"2023-07-28 10:00:00",28.93,66.06,21.96,0.144,644,826.8,60,448.9
"2023-07-28 10:10:00",29.77,62.82,21.93,0.076,665.2,826.5,63,485.3
"2023-07-28 10:20:00",30.39,60.25,21.84,0.247,685.9,828.1,65,522.2
"2023-07-28 10:30:00",29.96,59.58,21.26,0.497,717,845.4,66,561.6
"2023-07-28 10:40:00",30.04,59.58,21.32,0.46,738.1,850.4,67,596.1
"2023-07-28 10:50:00",30.37,58.83,21.43,0.739,750.2,842.5,70,626.7
"2023-07-28 11:00:00",30.7,57.19,21.27,0.631,776.5,856.5,70.6,663.8
"2023-07-28 11:10:00",30.78,55.22,20.78,0.603,796.2,861.3,72.7,695.3
"2023-07-28 11:20:00",30.73,55.48,20.81,0.497,815.5,863,78,729.3
"2023-07-28 11:30:00",31.03,55.83,21.19,0.388,796.6,773.3,125.5,577.5
"2023-07-28 11:40:00",31.53,53.84,21.06,0.655,863.7,865.9,101.7,809
"2023-07-28 11:50:00",31.52,54,21.1,0.708,875.8,867.5,103,832
"2023-07-28 12:00:00",31.35,53.87,20.91,0.802,882.9,855.3,112.8,856
"2023-07-28 12:10:00",31.81,53.65,21.27,0.662,906.5,875.5,111,871
"2023-07-28 12:20:00",32,52.98,21.23,0.939,909.8,879.8,104.3,887
"2023-07-28 12:30:00",32.53,51.18,21.15,0.991,921,883.2,107.5,908
"2023-07-28 12:40:00",32.58,49.57,20.69,0.757,923.8,868.7,120,926
"2023-07-28 12:50:00",32.53,49.98,20.77,0.903,945,882.4,126,947
"2023-07-28 13:00:00",32.75,50.1,21.01,0.879,958.9,883.4,137.8,971
"2023-07-28 13:10:00",32.69,50.53,21.1,0.898,993.9,870.6,184.6,1035
"2023-07-28 13:20:00",33.08,50.78,21.53,0.874,1048.9,871.1,240.1,1063
"2023-07-28 13:30:00",32.72,52.33,21.7,0.982,1032.8,857.6,238.8,1042
"2023-07-28 13:40:00",33.17,51.29,21.78,0.636,396.8,120.1,286.1,267.2
"2023-07-28 13:50:00",32.92,51.8,21.71,1.11,985.1,855.8,200.8,1006
"2023-07-28 14:00:00",33.88,49.35,21.79,0.779,968.8,866.9,180.1,1012
"2023-07-28 14:10:00",33.9,48.52,21.54,0.737,981.1,864.4,201.6,1030
"2023-07-28 14:20:00",33.17,49.52,21.21,1.391,967,855.2,203.7,1023
"2023-07-28 14:30:00",33.14,51.08,21.68,0.873,1025.3,841.2,283.4,1075
"2023-07-28 14:40:00",33.34,50.3,21.61,0.843,1050.9,840.8,319.4,1098
"2023-07-28 14:50:00",33.49,49.75,21.58,1.312,1043.5,812.1,347.6,648.8
"2023-07-28 15:00:00",33.6,50.18,21.82,1.138,624.8,393.7,293.1,969
"2023-07-28 15:10:00",33.81,49.71,21.84,0.535,909.7,704.2,327.4,292.1
"2023-07-28 15:20:00",34.25,49,22.02,0.917,945,821.8,279.3,998
"2023-07-28 15:30:00",34.21,48.78,21.9,0.578,351.9,149.3,233.7,232.8
"2023-07-28 15:40:00",34.2,49.2,22.04,0.655,873.7,806.7,250,949
"2023-07-28 15:50:00",34.15,48.16,21.66,0.811,801.1,801.2,197.7,895
"2023-07-28 16:00:00",34.31,48.46,21.89,0.813,775,803.4,186.9,870
"2023-07-28 16:10:00",34.53,47.48,21.75,0.575,743.9,793.2,180.9,847
"2023-07-28 16:20:00",34.87,46.65,21.77,1.049,831.8,789,289.9,824
"2023-07-28 16:30:00",34.01,46.75,21.04,0.916,825.2,782.2,306.6,789.5
"2023-07-28 16:40:00",33.78,47.49,21.08,1.098,648.8,767.5,159.1,761.7
"2023-07-28 16:50:00",33.67,48.09,21.18,1.108,621.7,760.3,156,734.3
"2023-07-28 17:00:00",33.56,48.67,21.28,0.761,584.9,741.7,150.2,694.8
"2023-07-28 17:10:00",33.89,48.08,21.38,0.905,555.7,740.6,141.7,669.6
"2023-07-28 17:20:00",33.79,44.89,20.16,1.01,521.5,733.3,131.9,633.5
"2023-07-28 17:30:00",33.38,44.35,19.61,1.209,483.1,716.5,122.8,595.6
"2023-07-28 17:40:00",33.42,44.72,19.78,0.808,446.2,698.8,115,556.8
"2023-07-28 17:50:00",33.23,45.68,19.95,1.392,514.8,673.8,215.3,514.1
"2023-07-28 18:00:00",33.33,46.05,20.17,0.684,400.5,645.2,132.9,472.3
"2023-07-28 18:10:00",33.27,46.95,20.44,0.774,333.4,620,95,432.8
"2023-07-28 18:20:00",33.52,47.32,20.8,0.64,293.9,584.5,87,385.8
"2023-07-28 18:30:00",33.54,47.95,21.01,0.707,260.4,557.6,80.2,342.9
"2023-07-28 18:40:00",33.15,48.97,21.01,0.422,218.7,497.6,73.4,58.42
"2023-07-28 18:50:00",32.94,49.84,21.11,0.446,190.2,472.9,66.8,53.92
"2023-07-28 19:00:00",32.6,50.91,21.14,0.416,58.1,0,58.1,49.42
"2023-07-28 19:10:00",32.38,51.7,21.19,0.226,50.8,0,50.8,45
"2023-07-28 19:20:00",32.38,52.42,21.41,0.351,39.7,0,39.7,36.33
"2023-07-28 19:30:00",32.28,53.6,21.69,0.367,22.2,0,22.2,19.83
"2023-07-28 19:40:00",32.05,53.63,21.48,0.373,18.7,0,18.7,18
"2023-07-28 19:50:00",31.83,54.43,21.52,0.328,13.9,0,13.9,14
"2023-07-28 20:00:00",31.64,54.72,21.43,0.45,13,0,13,14.67
"2023-07-28 20:10:00",31.49,56.48,21.81,0.201,7.3,0,7.3,7.583
"2023-07-28 20:20:00",31.36,56.2,21.6,0.353,1,0,1,2
"2023-07-28 20:30:00",31.16,56.47,21.5,0.146,0,0,0,0
"2023-07-28 20:40:00",31.12,56.93,21.6,0.202,0,0,0,0
"2023-07-28 20:50:00",30.96,57.72,21.67,0.307,0,0,0,0
"2023-07-28 21:00:00",30.82,59.38,22,0.13,0,0,0,0
"2023-07-28 21:10:00",30.84,59.94,22.18,0.116,0,0,0,0
"2023-07-28 21:20:00",30.88,61.32,22.59,0.03,0,0,0,0
"2023-07-28 21:30:00",30.74,61.9,22.6,0.141,0,0,0,0
"2023-07-28 21:40:00",30.7,60.54,22.21,0.409,0,0,0,0
"2023-07-28 21:50:00",30.22,63.59,22.58,0.927,0,0,0,0
"2023-07-28 22:00:00",30.09,62.94,22.26,0.425,0,0,0,0
"2023-07-28 22:10:00",30.49,60.83,22.09,0.461,0,0,0,0
"2023-07-28 22:20:00",30.49,62.55,22.55,0.897,0,0,0,0
"2023-07-28 22:30:00",30.13,64.26,22.65,1.016,0,0,0,0
"2023-07-28 22:40:00",29.99,65.25,22.78,0.923,0,0,0,0
"2023-07-28 22:50:00",29.47,67.64,22.88,1.981,-0.7,0,-0.7,0
"2023-07-28 23:00:00",28.14,67.98,21.69,1.746,-0.1,0,-0.1,0
"2023-07-28 23:10:00",26.77,67.67,20.31,0.75,0,0,0,0
"2023-07-28 23:20:00",26.07,72.06,20.67,0.956,0,0,0,0
"2023-07-28 23:30:00",25.27,74.78,20.5,1.088,0,0,0,0
"2023-07-28 23:40:00",25.07,77.21,20.82,0.916,-0.1,0,-0.1,0
"2023-07-28 23:50:00",24.58,80.1,20.95,0.906,0,0,0,0
"2023-07-29 00:00:00",24.04,83.1,21.02,0.887,0,0,0,0
"2023-07-29 00:10:00",23.74,85.3,21.14,0.656,0,0,0,0
"2023-07-29 00:20:00",23.67,86.8,21.35,0.535,0,0,0,0
"2023-07-29 00:30:00",23.67,88.4,21.67,0.282,0,0,0,0
"2023-07-29 00:40:00",23.63,88.5,21.64,0.67,0,0,0,0
"2023-07-29 00:50:00",23.69,88.6,21.71,0.587,0,0,0,0
"2023-07-29 01:00:00",23.41,90.1,21.71,0.534,0,0,0,0
"2023-07-29 01:10:00",23.4,91.1,21.88,0.425,0,0,0,0
"2023-07-29 01:20:00",23.46,91.1,21.94,0.165,0,0,0,0
"2023-07-29 01:30:00",23.46,90.9,21.9,0.647,0,0,0,0
"2023-07-29 01:40:00",23.39,91.1,21.88,0.705,0,0,0,0
"2023-07-29 01:50:00",23.35,92.1,22.02,0.535,0,0,0,0
"2023-07-29 02:00:00",23.33,91.9,21.95,0.46,0,0,0,0
"2023-07-29 02:10:00",23.45,89,21.55,0.798,0,0,0,0
"2023-07-29 02:20:00",23.59,87.7,21.44,0.593,0,0,0,0
"2023-07-29 02:30:00",23.59,86.8,21.28,0.588,0,0,0,0
"2023-07-29 02:40:00",23.43,87.3,21.22,0.697,0,0,0,0
"2023-07-29 02:50:00",23.19,89,21.3,1.421,0,0,0,0
"2023-07-29 03:00:00",23.12,89.7,21.35,1.187,0,0,0,0
"2023-07-29 03:10:00",23.14,89.3,21.3,1.063,0,0,0,0
"2023-07-29 03:20:00",23.2,89.2,21.34,1.276,0,0,0,0
"2023-07-29 03:30:00",23.22,89.3,21.39,1.623,0,0,0,0
"2023-07-29 03:40:00",23.19,90.1,21.5,2.253,0,0,0,0
"2023-07-29 03:50:00",23.13,90.9,21.58,1.816,0,0,0,0
"2023-07-29 04:00:00",23.17,91.5,21.72,1.421,0,0,0,0
"2023-07-29 04:10:00",23.26,92.1,21.92,1.58,0,0,0,0
"2023-07-29 04:20:00",23.27,92.6,22.02,0.967,0,0,0,0
"2023-07-29 04:30:00",23.3,92.4,22.02,0.428,0,0,0,0
"2023-07-29 04:40:00",23.36,92.8,22.14,0.18,0,0,0,0
"2023-07-29 04:50:00",23.43,92.7,22.19,0.328,0,0,0,0
"2023-07-29 05:00:00",23.43,92.7,22.2,0.563,0,0,0,0
"2023-07-29 05:10:00",23.39,93,22.22,0.216,0,0,0,0
"2023-07-29 05:20:00",23.34,92.9,22.14,0.632,0,0,0,0
"2023-07-29 05:30:00",23.16,93.6,22.09,0.727,0,0,0,0
"2023-07-29 05:40:00",23.1,94.6,22.21,0.44,0,0,0,0
"2023-07-29 05:50:00",23.11,94.9,22.27,0.603,0,0,0,1
"2023-07-29 06:00:00",22.93,94.6,22.03,0.912,2,0,2,3
"2023-07-29 06:10:00",22.86,94.2,21.9,0.656,6,0,6,7
"2023-07-29 06:20:00",22.9,93.9,21.87,0.628,15.4,0,15.4,19.67
"2023-07-29 06:30:00",22.95,93.4,21.84,0.818,23.4,0,23.4,26.08
"2023-07-29 06:40:00",23.07,92.3,21.76,0.849,27,0,27,28.92
"2023-07-29 06:50:00",23.29,90.8,21.72,0.754,25,0,25,26
"2023-07-29 07:00:00",23.47,89.7,21.7,0.594,36,0,36,48
"2023-07-29 07:10:00",23.53,89.1,21.65,0.425,112.3,0,112.3,132.4
"2023-07-29 07:20:00",23.73,89,21.82,0.394,66,0,66,81.6
"2023-07-29 07:30:00",23.75,89.6,21.95,0.449,43.2,0,43.2,48.58
"2023-07-29 07:40:00",23.45,92.3,22.16,0.209,73.3,0,73.3,75.75
"2023-07-29 07:50:00",23.43,93.1,22.27,0.317,93,0,93,94.5
"2023-07-29 08:00:00",23.51,93.2,22.36,0.449,84.4,0,84.4,84.8
"2023-07-29 08:10:00",23.44,92.9,22.24,0.558,56.8,0,56.8,66.5
"2023-07-29 08:20:00",23.36,93.6,22.29,0.79,72.3,0,72.3,90.8
"2023-07-29 08:30:00",23.32,94.7,22.43,0.683,138.2,0,138.2,131.9
"2023-07-29 08:40:00",23.24,94.5,22.32,0.803,62.3,0,62.3,76.25
"2023-07-29 08:50:00",23.12,94.9,22.28,0.784,128.8,0,128.8,137.2
"2023-07-29 09:00:00",23.24,95.3,22.45,0.629,188.2,0,188.2,195.8
"2023-07-29 09:10:00",23.51,94.7,22.62,0.553,188.8,0,188.8,191.2
"2023-07-29 09:20:00",23.75,93.7,22.69,0.895,240.9,0,240.9,241.8
"2023-07-29 09:30:00",23.99,92.1,22.65,1.116,255.9,0,255.9,328.4
"2023-07-29 09:40:00",24.42,90.7,22.81,1.215,271.4,4.2,268.7,254.8
"2023-07-29 09:50:00",24.56,89.6,22.76,1.234,238.7,0,238.7,252.5
"2023-07-29 10:00:00",24.58,88.6,22.58,0.858,164.7,0,164.7,167.3
"2023-07-29 10:10:00",24.69,88.5,22.68,0.748,314.9,189,177.5,435
"2023-07-29 10:20:00",25.14,87.2,22.86,0.829,695.3,663.8,198.7,632.3
"2023-07-29 10:30:00",25.87,83.5,22.88,0.886,584.6,324.2,335.6,267.4
"2023-07-29 10:40:00",26.43,80.9,22.89,0.874,534.9,271.2,321.3,671.8
"2023-07-29 10:50:00",26.54,78.76,22.57,0.977,794.3,686.8,241,719
"2023-07-29 11:00:00",26.72,77.33,22.44,1.116,849.7,616.7,342.4,762.8
"2023-07-29 11:10:00",27.13,76.14,22.58,1.041,873.4,698.2,288,823
"2023-07-29 11:20:00",27.44,75.16,22.66,0.847,881.2,609.7,361.1,546.5
"2023-07-29 11:30:00",27.35,75.51,22.66,1.037,500.7,100.3,413.8,709.4
"2023-07-29 11:40:00",27.34,75.72,22.69,0.959,298.6,6,293.4,385
"2023-07-29 11:50:00",27.45,75.12,22.66,1.338,960.8,704.3,334.4,881
"2023-07-29 12:00:00",28.15,73.09,22.89,0.922,850.8,560.5,347,858
"2023-07-29 12:10:00",28.71,70.74,22.88,0.739,319.4,1.8,317.8,600.1
"2023-07-29 12:20:00",29.19,68.66,22.85,1.108,481,107.6,382.7,418.8
"2023-07-29 12:30:00",29.01,69.43,22.87,0.905,862.5,504.1,398.9,761.5
"2023-07-29 12:40:00",29.19,68.01,22.69,1.329,684.3,316.8,391.7,681.3
"2023-07-29 12:50:00",29.25,67.21,22.56,1.238,562.3,166.1,408.4,845
"2023-07-29 13:00:00",29.36,67.04,22.62,1.084,653.6,247.9,423.6,792.8
"2023-07-29 13:10:00",29.58,65.6,22.47,1.442,537.7,121.8,424.6,504
"2023-07-29 13:20:00",29.65,65.37,22.48,0.906,291.5,3.1,288.6,307.4
"2023-07-29 13:30:00",29.31,65.94,22.31,1.079,293.7,2,291.9,314.2
"2023-07-29 13:40:00",29.06,67.77,22.52,1.281,339.8,17.7,323.5,357.3
"2023-07-29 13:50:00",29,68.37,22.6,1.52,448.9,92.9,363.9,438.3
"2023-07-29 14:00:00",29.38,67.5,22.75,1.018,554.8,215.8,358.7,409.4
"2023-07-29 14:10:00",29.47,65.99,22.46,1.526,612.2,246.2,390.6,662.8
"2023-07-29 14:20:00",29.79,64.92,22.49,0.885,717.4,316.8,435.2,832
"2023-07-29 14:30:00",30.47,62.75,22.57,0.919,797.4,417.8,429.6,820
"2023-07-29 14:40:00",30.79,61.99,22.68,0.75,665.4,282.8,419.8,701.4
"2023-07-29 14:50:00",30.88,61.96,22.76,0.731,752.3,389,419.7,777.5
"2023-07-29 15:00:00",30.91,61.91,22.78,0.729,658.6,309.5,398.4,700.8
"2023-07-29 15:10:00",31.57,60.8,23.09,1.095,631.3,335.8,354.3,698.8
"2023-07-29 15:20:00",31.32,60.06,22.66,1.285,693.6,498.9,290.3,715.7
"2023-07-29 15:30:00",31.42,58.94,22.43,0.365,879.4,811.9,237.7,952
"2023-07-29 15:40:00",31.49,57.77,22.17,0.286,833.2,808.9,209.2,924
"2023-07-29 15:50:00",31.29,58.24,22.12,1.862,813.5,798.7,213.5,772.3
"2023-07-29 16:00:00",31.68,57.86,22.38,1.25,767.1,778.2,199,856
"2023-07-29 16:10:00",31.8,56.41,22.07,1.976,754.7,767.2,211.4,855
"2023-07-29 16:20:00",31.58,57.24,22.11,1.849,546.8,410.5,265.6,719.6
"2023-07-29 16:30:00",31.62,58,22.36,1.124,853.4,722.5,375.8,780.2
"2023-07-29 16:40:00",31.87,57.84,22.55,1.157,650.8,720.4,192.5,767.5
"2023-07-29 16:50:00",31.92,58.53,22.79,1.199,484.7,475.6,194.5,686.2
"2023-07-29 17:00:00",31.84,59.58,23.02,0.934,660.5,696.1,254,751.3
"2023-07-29 17:10:00",32.02,58.82,22.97,0.978,547.7,682,167.9,655.4
"2023-07-29 17:20:00",31.98,58.9,22.95,0.993,519.8,688.2,155.7,645.9
"2023-07-29 17:30:00",32.24,58.23,23.01,0.932,475.1,690.7,129.3,585.8
"2023-07-29 17:40:00",32.14,58.56,23.01,0.059,434.5,664.6,121,543.9
"2023-07-29 17:50:00",31.82,58.78,22.77,0,512.2,655.2,222.4,514.4
"2023-07-29 18:00:00",31.82,59.11,22.86,0,233,290.1,113.5,471.1
"2023-07-29 18:10:00",31.67,59.34,22.79,0,79.7,1.2,79.3,96.6
"2023-07-29 18:20:00",31.33,60.67,22.84,0.146,302.8,466.4,138.8,274.3
"2023-07-29 18:30:00",31.2,61.68,22.98,0,30.8,0,30.8,34.08
"2023-07-29 18:40:00",30.84,62.35,22.82,0.652,47,0,47,45.25
"2023-07-29 18:50:00",30.71,63.12,22.9,0.234,22.3,0,22.3,24.17
"2023-07-29 19:00:00",30.21,66.94,23.42,1.191,28,-1,28.2,32
"2023-07-29 19:10:00",27.35,78.96,23.42,1.624,35.5,0,35.5,43.5
"2023-07-29 19:20:00",25.94,79.3,22.1,1.649,112.3,0,112.3,111.1
"2023-07-29 19:30:00",25.4,82.6,22.25,1.351,85,0,85,99
"2023-07-29 19:40:00",25.15,84.8,22.44,1.621,106.7,0,106.7,120.2
"2023-07-29 19:50:00",24.59,87.7,22.43,1.009,46.8,0,46.8,55.5
"2023-07-29 20:00:00",24.64,87.8,22.5,0.619,23.8,0,23.8,31.67
"2023-07-29 20:10:00",24.96,86,22.48,0.758,16,0,16,21
"2023-07-29 20:20:00",25.1,85.4,22.48,0.616,11,0,11,15
"2023-07-29 20:30:00",24.94,86.7,22.59,0.682,6.3,0,6.3,6.833
"2023-07-29 20:40:00",24.87,87.1,22.59,0.612,0,0,0,0
"2023-07-29 20:50:00",24.87,86.5,22.49,0.471,0,0,0,0
"2023-07-29 21:00:00",24.86,86.8,22.52,0.305,0,0,0,0
"2023-07-29 21:10:00",24.9,86.7,22.54,0.617,0,0,0,0
"2023-07-29 21:20:00",24.86,86.4,22.45,0.517,0,0,0,0
"2023-07-29 21:30:00",24.97,86.2,22.51,0.531,0,0,0,0
"2023-07-29 21:40:00",25.14,85.7,22.59,0.548,0,0,0,0
"2023-07-29 21:50:00",25.25,84.9,22.55,0.468,0,0,0,0
"2023-07-29 22:00:00",25.38,82.1,22.11,0.916,0,0,0,0
"2023-07-29 22:10:00",25.66,74.41,20.77,0.816,0,0,0,0
"2023-07-29 22:20:00",25.53,72.35,20.2,1.648,0,0,0,0
"2023-07-29 22:30:00",25.18,72.87,19.98,1.663,0,0,0,0
"2023-07-29 22:40:00",24.87,73.26,19.78,2.03,0,0,0,0
"2023-07-29 22:50:00",24.68,73.83,19.72,1.847,0,0,0,0
"2023-07-29 23:00:00",24.55,74.06,19.64,2.204,0,0,0,0
"2023-07-29 23:10:00",24.45,74.26,19.59,1.782,0,0,0,0
"2023-07-29 23:20:00",24.36,74.41,19.54,1.029,0,0,0,0
"2023-07-29 23:30:00",24.23,74.02,19.32,1.105,0,0,0,0
"2023-07-29 23:40:00",24.18,72.98,19.05,1.316,0,0,0,0
"2023-07-29 23:50:00",24.15,72.5,18.91,1.174,0,0,0,0
"2023-07-30 00:00:00",24.02,72.12,18.71,1.616,0,0,0,0
"2023-07-30 00:10:00",23.89,72.51,18.67,1.129,0,0,0,0
"2023-07-30 00:20:00",23.66,72.44,18.43,1.495,0,0,0,0
"2023-07-30 00:30:00",23.55,70.41,17.86,2.204,0,0,0,0
"2023-07-30 00:40:00",23.35,69.51,17.48,1.985,0,0,0,0
"2023-07-30 00:50:00",23.17,70.17,17.45,1.014,0,0,0,0
"2023-07-30 01:00:00",23.01,70.49,17.37,1.692,0,0,0,0
"2023-07-30 01:10:00",22.71,71.11,17.23,1.688,0,0,0,0
"2023-07-30 01:20:00",22.49,71.28,17.04,1.034,0,0,0,0
"2023-07-30 01:30:00",22.18,70.11,16.49,1.097,0,0,0,0
"2023-07-30 01:40:00",21.85,69.88,16.13,1.683,0,0,0,0
"2023-07-30 01:50:00",21.63,69.66,15.86,0.695,0,0,0,0
"2023-07-30 02:00:00",21.49,69.54,15.7,0.942,0,0,0,0
"2023-07-30 02:10:00",21.31,68.79,15.37,1.266,0,0,0,0
"2023-07-30 02:20:00",21.19,68.65,15.21,1.102,0,0,0,0
"2023-07-30 02:30:00",21.09,68.65,15.12,0.762,0,0,0,0
"2023-07-30 02:40:00",20.98,69.1,15.12,0.622,0,0,0,0
"2023-07-30 02:50:00",20.92,68.6,14.94,0.612,0,0,0,0
"2023-07-30 03:00:00",20.82,68.58,14.85,1.308,0,0,0,0
"2023-07-30 03:10:00",20.65,69,14.78,1.424,0,0,0,0
"2023-07-30 03:20:00",20.57,69.11,14.72,1.328,0,0,0,0
"2023-07-30 03:30:00",20.44,69.47,14.68,1.058,0,0,0,0
"2023-07-30 03:40:00",20.37,69.45,14.62,1.42,0,0,0,0
"2023-07-30 03:50:00",20.29,69.72,14.6,1.29,0,0,0,0
"2023-07-30 04:00:00",20.18,69.1,14.35,1.69,0,0,0,0
"2023-07-30 04:10:00",20.12,68.1,14.07,1.596,0,0,0,0
"2023-07-30 04:20:00",20.11,66.78,13.75,1.469,0,0,0,0
"2023-07-30 04:30:00",20,66.08,13.49,1.543,0,0,0,0
"2023-07-30 04:40:00",19.8,66.1,13.3,1.371,0,0,0,0
"2023-07-30 04:50:00",19.64,65.9,13.11,1.42,0,0,0,0
"2023-07-30 05:00:00",19.58,65.22,12.89,1.388,0,0,0,0
"2023-07-30 05:10:00",19.41,65.98,12.91,1.409,0,0,0,0
"2023-07-30 05:20:00",19.27,66.53,12.9,1.009,0,0,0,0
"2023-07-30 05:30:00",19.02,67.36,12.85,0.882,0,0,0,0
"2023-07-30 05:40:00",18.88,67.12,12.66,1.024,0,0,0,1
"2023-07-30 05:50:00",18.78,65.8,12.26,1.243,1,0,1,2.833
"2023-07-30 06:00:00",18.59,65.74,12.08,1.364,4,0,4,6
"2023-07-30 06:10:00",18.43,65.62,11.89,1.33,7.8,0,7.8,10.75
"2023-07-30 06:20:00",18.33,65.19,11.7,1.083,12.2,0,12.2,15
"2023-07-30 06:30:00",18.38,64.17,11.51,0.741,18,0,18,20.25
"2023-07-30 06:40:00",18.39,64.92,11.7,0.65,21,0,21,24
"2023-07-30 06:50:00",18.42,65.42,11.84,0.425,21,0,21,24.33
"2023-07-30 07:00:00",18.44,65.3,11.83,0.576,23,0,23,25.5
"2023-07-30 07:10:00",18.34,64.82,11.62,0.823,26,0,26,28.42
"2023-07-30 07:20:00",18.39,65.01,11.71,0.642,28.3,0,28.3,31
"2023-07-30 07:30:00",18.37,64.51,11.57,1.152,30,0,30,34
"2023-07-30 07:40:00",18.39,65.25,11.77,0.757,32,0,32,36
"2023-07-30 07:50:00",18.51,65.82,12.02,0.788,34,0,34,38.5
"2023-07-30 08:00:00",18.57,65.16,11.91,0.989,35,0,35,40
"2023-07-30 08:10:00",18.59,64.39,11.75,0.88,37,0,37,42
"2023-07-30 08:20:00",18.64,64.21,11.76,0.796,39,0,39,43
"2023-07-30 08:30:00",18.83,63.22,11.7,1.108,40,0,40,44
"2023-07-30 08:40:00",18.99,62.66,11.72,0.963,42,0,42,46
"2023-07-30 08:50:00",19.11,62.34,11.76,0.732,44,0,44,47
"2023-07-30 09:00:00",19.41,61.26,11.78,0.572,45,0,45,48
"2023-07-30 09:10:00",19.57,60.96,11.85,0.952,46,0,46,49.42
"2023-07-30 09:20:00",19.72,59.81,11.7,0.638,48,0,48,57
"2023-07-30 09:30:00",19.96,58.15,11.51,0.592,49,0,49,333.3
"2023-07-30 09:40:00",20.31,57.41,11.63,0.677,50,0,50,375
"2023-07-30 09:50:00",20.66,55.26,11.38,0.838,638,862.3,52,415.6
"2023-07-30 10:00:00",21.12,54.24,11.53,0.973,665,870.9,53,455.9
"2023-07-30 10:10:00",21.15,54.26,11.57,1.222,689.2,874.7,55,494.3
"2023-07-30 10:20:00",21.17,55.57,11.95,1.042,715.3,883.3,56,533.5
"2023-07-30 10:30:00",21.55,54.91,12.12,1.102,736.6,886.5,57,570.3
"2023-07-30 10:40:00",22.31,53.66,12.47,0.721,758.2,889.4,59.2,606.8
"2023-07-30 10:50:00",22.44,52.2,12.19,1.03,780,895,60.4,641.9
"2023-07-30 11:00:00",22.49,53.04,12.46,0.882,805.6,899.1,67.5,678.3
"2023-07-30 11:10:00",22.84,51.87,12.45,0.757,825.3,900.1,72.1,715
"2023-07-30 11:20:00",23.05,51.71,12.6,0.824,881.4,899.3,115.8,802
"2023-07-30 11:30:00",23.37,51.52,12.83,0.941,922.8,772.5,254.8,884
"2023-07-30 11:40:00",23.29,52.32,13,1.065,431.4,143.5,305.6,954
"2023-07-30 11:50:00",23.4,52.29,13.09,0.66,788.8,553,297.9,832
"2023-07-30 12:00:00",24.18,51.14,13.47,1.001,834.3,623.4,274.9,1008
"2023-07-30 12:10:00",24.18,50.31,13.22,0.776,945.7,914,118.1,915
"2023-07-30 12:20:00",24.2,50.44,13.27,0.832,983.5,912.4,150.9,947
"2023-07-30 12:30:00",24.48,50.2,13.46,0.661,1047.9,911.9,210.8,940
"2023-07-30 12:40:00",24.6,50.16,13.56,0.615,1024.5,909.4,185.9,1008
"2023-07-30 12:50:00",24.62,50,13.53,0.911,1010.3,906.9,171.4,1015
"2023-07-30 13:00:00",24.91,49.56,13.66,0.862,288.8,102.1,194.2,919
"2023-07-30 13:10:00",25.4,48.66,13.82,0.701,1032.4,911.9,187.4,1079
"2023-07-30 13:20:00",26.12,46.67,13.83,0.616,1010.2,819.8,251.7,1110
"2023-07-30 13:30:00",26.37,45.79,13.76,0.914,1075.4,914.4,231.6,1105
"2023-07-30 13:40:00",26.4,44.25,13.28,1.23,1115.7,905.7,283.6,1132
"2023-07-30 13:50:00",26.36,46.54,14.01,1.02,1022,912,189,1054
"2023-07-30 14:00:00",26.38,44.45,13.32,0.954,1017.2,907.5,194.5,1055
"2023-07-30 14:10:00",26.98,43.66,13.59,0.779,1030,907.4,214.6,1090
"2023-07-30 14:20:00",26.8,42.2,12.9,1.294,1021.4,903.8,217.7,1076
"2023-07-30 14:30:00",26.53,42.01,12.6,0.984,1045.6,900.7,254.2,1097
"2023-07-30 14:40:00",27.06,40.24,12.41,0.781,1004.9,898.3,226.4,1084
"2023-07-30 14:50:00",27.17,39.97,12.41,0.893,1035.3,892.5,273.6,1106
"2023-07-30 15:00:00",26.77,40.28,12.17,0.945,991.4,898.6,237.5,1073
"2023-07-30 15:10:00",26.97,39.35,11.99,1.061,425.8,218.1,246.2,1045
"2023-07-30 15:20:00",27.12,40.29,12.49,0.558,1044.1,886.7,328.9,1151
"2023-07-30 15:30:00",27.63,38.82,12.38,0.692,987.8,881.2,292.9,1101
"2023-07-30 15:40:00",27.31,39.28,12.28,1,249.5,67.6,197.4,347.2
"2023-07-30 15:50:00",26.79,40.57,12.3,1.039,889.8,872.7,235.9,987
"2023-07-30 16:00:00",27.38,40.14,12.66,0.814,892.2,854.6,269.9,901
"2023-07-30 16:10:00",27.47,39.64,12.56,0.545,486.2,275.2,292,762.2
"2023-07-30 16:20:00",27.69,39.74,12.78,0.739,239.5,52.1,203.9,300.1
"2023-07-30 16:30:00",27.93,38.78,12.63,0.849,144,0.2,143.8,169.1
"2023-07-30 16:40:00",26.49,40.86,12.14,1.484,462.9,439.2,184.6,552
"2023-07-30 16:50:00",26.87,39.69,12.03,0.757,682.4,815.1,186.6,756.1
"2023-07-30 17:00:00",27.39,39.43,12.41,0.69,205.6,150.5,117.9,144.2
"2023-07-30 17:10:00",26.99,40.66,12.51,0.528,656.9,791.4,218,782.9
"2023-07-30 17:20:00",27.72,37.28,11.83,0.766,588.9,789,173.3,719.7
"2023-07-30 17:30:00",27.5,36.86,11.48,0.831,588.1,777.9,200.5,414.9
"2023-07-30 17:40:00",27.32,37.37,11.52,0.818,468.6,624.5,175.6,673.8
"2023-07-30 17:50:00",27.3,37.47,11.55,0.841,96,6,93.4,207.2
"2023-07-30 18:00:00",26.91,38.62,11.66,0.348,207,198.3,125.7,343.3
"2023-07-30 18:10:00",26.78,38.89,11.64,0.788,264,443.8,95.6,497.3
"2023-07-30 18:20:00",26.58,38.38,11.27,1.519,336.7,681.1,99,453.4
"2023-07-30 18:30:00",26.64,38.47,11.35,0.9,309.3,653.9,101.4,413.2
"2023-07-30 18:40:00",26.41,38.39,11.14,1.276,267.5,627,87.6,67.17
"2023-07-30 18:50:00",26.08,39.55,11.27,1.123,188.5,504.6,59.4,42.17
"2023-07-30 19:00:00",26.14,40.22,11.59,0.471,51,0,51,37
"2023-07-30 19:10:00",25.96,41.89,12.05,0.477,42,0,42,32.08
"2023-07-30 19:20:00",25.73,41.89,11.84,0.951,35.5,0,35.5,29
"2023-07-30 19:30:00",25.5,42.26,11.76,0.823,27.8,0,27.8,24
"2023-07-30 19:40:00",25.17,42.49,11.54,1.081,21,0,21,20
"2023-07-30 19:50:00",25.01,42.75,11.49,1.049,15.5,0,15.5,16
"2023-07-30 20:00:00",24.85,43.34,11.56,0.538,10,0,10,11.25
"2023-07-30 20:10:00",24.65,44.38,11.74,0.536,5,0,5,6.833
"2023-07-30 20:20:00",24.47,45.34,11.9,0.508,1.2,0,1.2,2.917
"2023-07-30 20:30:00",24.24,46.27,12,0.353,0,0,0,1
"2023-07-30 20:40:00",24.13,47.46,12.28,0.199,0,0,0,0
"2023-07-30 20:50:00",23.96,47.38,12.1,0.572,0,0,0,0
"2023-07-30 21:00:00",23.71,48.25,12.16,0.282,0,0,0,0
"2023-07-30 21:10:00",23.53,48.39,12.03,0.152,0,0,0,0
"2023-07-30 21:20:00",23.39,49.22,12.16,0.098,0,0,0,0
"2023-07-30 21:30:00",22.97,52.66,12.81,0,0,0,0,0
"2023-07-30 21:40:00",22.42,55.65,13.14,0.022,0,0,0,0
"2023-07-30 21:50:00",21.9,57.23,13.08,0.014,0,0,0,0
"2023-07-30 22:00:00",21.41,58,12.82,0,0,0,0,0
"2023-07-30 22:10:00",21.22,60.37,13.26,0,0,0,0,0
"2023-07-30 22:20:00",21.1,62.01,13.56,0,0,0,0,0
"2023-07-30 22:30:00",20.72,62.44,13.3,0.002,0,0,0,0
"2023-07-30 22:40:00",20.73,62.33,13.29,0.045,0,0,0,0
"2023-07-30 22:50:00",20.56,63.06,13.31,0.066,0,0,0,0
"2023-07-30 23:00:00",20.65,62.92,13.35,0.256,0,0,0,0
"2023-07-30 23:10:00",20.77,63.01,13.49,0.234,0,0,0,0
"2023-07-30 23:20:00",20.75,63.26,13.54,0.275,0,0,0,0
"2023-07-30 23:30:00",20.5,65.42,13.82,0.274,0,0,0,0
"2023-07-30 23:40:00",20.13,67.2,13.88,0.402,0,0,0,0
"2023-07-30 23:50:00",19.9,68.75,14.01,0.294,0,0,0,0
"2023-07-31 00:00:00",19.79,69.22,14.01,0.291,0,0,0,0
"2023-07-31 00:10:00",19.56,70.2,14.01,0.339,0,0,0,0
"2023-07-31 00:20:00",19.36,71.57,14.11,0.197,0,0,0,0
"2023-07-31 00:30:00",19.08,73.08,14.16,0.381,0,0,0,0
"2023-07-31 00:40:00",18.66,74.52,14.06,0.38,0,0,0,0
"2023-07-31 00:50:00",18.16,76.46,13.97,0.332,0,0,0,0
"2023-07-31 01:00:00",17.93,77.38,13.94,0.546,0,0,0,0
"2023-07-31 01:10:00",17.75,78.41,13.97,0.361,0,0,0,0
"2023-07-31 01:20:00",17.72,78.53,13.96,0.342,0,0,0,0
"2023-07-31 01:30:00",17.81,78.33,14,0.238,0,0,0,0
"2023-07-31 01:40:00",17.87,77.71,13.94,0.493,0,0,0,0
"2023-07-31 01:50:00",17.83,77.31,13.82,0.286,0,0,0,0
"2023-07-31 02:00:00",17.76,77.67,13.82,0.146,0,0,0,0
"2023-07-31 02:10:00",17.49,78.76,13.78,0.122,0,0,0,0
"2023-07-31 02:20:00",17.26,79.66,13.73,0.505,0,0,0,0
"2023-07-31 02:30:00",17.02,81.1,13.77,0.262,0,0,0,0
"2023-07-31 02:40:00",17.21,80.8,13.89,0.036,0,0,0,0
"2023-07-31 02:50:00",17.36,79.24,13.74,0.238,0,0,0,0
"2023-07-31 03:00:00",17.29,79.46,13.72,0.516,0,0,0,0
"2023-07-31 03:10:00",17.21,78.75,13.5,0.325,0,0,0,0
"2023-07-31 03:20:00",17.2,78.29,13.4,0.369,0,0,0,0
"2023-07-31 03:30:00",17.38,77.58,13.43,0.175,0,0,0,0
"2023-07-31 03:40:00",17.54,77.41,13.56,0.164,0,0,0,0
"2023-07-31 03:50:00",17.42,79.74,13.9,0.278,0,0,0,0
"2023-07-31 04:00:00",17.29,79.57,13.74,0.232,0,0,0,0
"2023-07-31 04:10:00",17.23,79.66,13.7,0.027,0,0,0,0
"2023-07-31 04:20:00",17.05,80.1,13.61,0.13,0,0,0,0
"2023-07-31 04:30:00",17.12,79.65,13.59,0.03,0,0,0,0
"2023-07-31 04:40:00",16.87,80.8,13.57,0.027,0,0,0,0
"2023-07-31 04:50:00",16.6,82.6,13.65,0.001,0,0,0,0
"2023-07-31 05:00:00",16.28,84.6,13.7,0.001,0,0,0,0
"2023-07-31 05:10:00",15.98,85,13.47,0,0,0,0,0
"2023-07-31 05:20:00",15.72,86.9,13.56,0.016,0,0,0,0
"2023-07-31 05:30:00",15.92,87.4,13.85,0.09,0,0,0,0
"2023-07-31 05:40:00",15.91,86.7,13.71,0.12,0,0,0,0.833
"2023-07-31 05:50:00",16.14,84.9,13.62,0.073,0.3,0,0.3,2
"2023-07-31 06:00:00",16.12,85.3,13.67,0.074,3,0,3,5
"2023-07-31 06:10:00",16.29,85.1,13.79,0.256,9.3,0,9.3,12.83
"2023-07-31 06:20:00",16.47,83.5,13.67,0.281,18,0,18,20
"2023-07-31 06:30:00",16.43,82.7,13.49,0.693,15.9,0,15.9,19
"2023-07-31 06:40:00",16.28,82.6,13.33,0.611,30.6,0,30.6,35.17
"2023-07-31 06:50:00",16.61,81.7,13.48,0.484,38.9,0,38.9,45.75
"2023-07-31 07:00:00",16.88,79.89,13.4,0.517,44.1,0,44.1,49.33
"2023-07-31 07:10:00",17.04,79.31,13.44,0.453,63,0,63,72.58
"2023-07-31 07:20:00",17.31,78.21,13.49,0.432,74.2,0,74.2,80.5
"2023-07-31 07:30:00",17.56,77.17,13.53,0.503,71,0,71,77
"2023-07-31 07:40:00",17.75,76.28,13.54,0.368,78.1,0,78.1,88.2
"2023-07-31 07:50:00",18.13,74.85,13.61,0.505,65.3,0,65.3,80.6
"2023-07-31 08:00:00",18.48,73.75,13.73,0.483,109,0,109,113.1
"2023-07-31 08:10:00",19.04,70.7,13.6,0.075,85.4,0,85.4,81.8
"2023-07-31 08:20:00",19.49,69.47,13.77,0.406,96.8,0,96.8,91.8
"2023-07-31 08:30:00",19.55,68.29,13.56,0.824,88.9,0,88.9,93.3
"2023-07-31 08:40:00",19.52,68.09,13.49,0.352,86.2,0,86.2,96
"2023-07-31 08:50:00",19.72,68.39,13.75,0.49,93.7,0,93.7,101.8
"2023-07-31 09:00:00",20.16,66.57,13.75,0.559,77.5,0,77.5,83
"2023-07-31 09:10:00",20.73,64.73,13.86,0.761,72.8,0,72.8,80.2
"2023-07-31 09:20:00",21.15,61.13,13.38,0.688,101.5,0,101.5,116.5
"2023-07-31 09:30:00",21.5,60.08,13.44,0.679,116.8,0,116.8,332.4
"2023-07-31 09:40:00",22.12,58.16,13.52,1.04,84.1,0.8,83.6,386.4
"2023-07-31 09:50:00",23.26,53.04,13.17,0.175,651.8,763.8,134.2,456.3
"2023-07-31 10:00:00",24.14,50.37,13.2,0.523,697.2,677.8,222,585.8
"2023-07-31 10:10:00",25.03,48.64,13.48,0.657,262.3,1.1,261.4,240.3
"2023-07-31 10:20:00",25.03,48.76,13.52,0.272,625.9,677,121.7,517.8
"2023-07-31 10:30:00",24.92,48.42,13.3,0.787,720.2,833,83,571.7
"2023-07-31 10:40:00",25.69,46.09,13.26,0.069,738.9,833.9,85,607
"2023-07-31 10:50:00",26.21,41.65,12.16,0.457,763.6,845.8,85,643.6
"2023-07-31 11:00:00",25.96,42.58,12.3,0.506,780.1,839.4,92.4,674.2
"2023-07-31 11:10:00",26.41,40.85,12.05,0.421,796.8,839.2,96,708.9
"2023-07-31 11:20:00",26.69,40.99,12.37,0.242,814.4,834.6,105.2,742.3
"2023-07-31 11:30:00",27.17,40.58,12.64,0.222,838,857.3,98,774.1
"2023-07-31 11:40:00",27.09,39.9,12.32,0.541,857.9,868,98.1,804
"2023-07-31 11:50:00",26.92,40.62,12.44,0.508,877.4,865.5,110.4,837
"2023-07-31 12:00:00",27,41.25,12.74,0.651,768.4,521.4,301.4,682.1
"2023-07-31 12:10:00",27.13,40.6,12.61,0.726,967.3,866.6,184,949
"2023-07-31 12:20:00",27.75,40.78,13.25,0.946,943.9,874.7,147.2,930
"2023-07-31 12:30:00",27.98,40.91,13.49,0.793,941.4,871.9,142.4,943
"2023-07-31 12:40:00",28.24,40.93,13.73,0.612,969.5,876.5,162.6,979
"2023-07-31 12:50:00",28.91,38.87,13.53,0.461,998.3,868.3,196.5,1027
"2023-07-31 13:00:00",28.38,39.9,13.48,0.716,1050,857.8,256.6,1050
"2023-07-31 13:10:00",28.41,40.92,13.88,0.697,1065,871.2,259.1,1080
"2023-07-31 13:20:00",28.72,40.04,13.82,0.656,1086.3,865.1,287.3,1033
"2023-07-31 13:30:00",28.62,41.17,14.17,0.951,1040,809,294.9,1122
"2023-07-31 13:40:00",28.94,40.06,14.02,0.634,1099.7,867,304.7,1107
"2023-07-31 13:50:00",28.7,40.33,13.92,1.195,1067.3,816.2,323.2,1143
"2023-07-31 14:00:00",28.69,40.77,14.07,0.843,207.4,0,207.4,230.7
"2023-07-31 14:10:00",28.83,40.42,14.06,0.3,336.2,95.9,250.2,395.9
"2023-07-31 14:20:00",29.52,38.74,14.02,0.505,209.4,2.2,207.5,252.3
"2023-07-31 14:30:00",28.84,40.34,14.05,1.12,1053.1,841.3,315.4,1099
"2023-07-31 14:40:00",29.34,37.7,13.43,0.707,1064.3,826.9,349.2,1135
"2023-07-31 14:50:00",29.28,35.78,12.6,0.713,975.7,806.6,288.7,1052
"2023-07-31 15:00:00",29.33,35.22,12.4,1.064,163.6,0,163.6,179.4
"2023-07-31 15:10:00",28.51,35.83,11.94,0.673,984.8,815.8,314.6,1058
"2023-07-31 15:20:00",28.91,36.33,12.51,0.917,927.5,793.6,288.9,1023
"2023-07-31 15:30:00",29.79,34.88,12.64,0.529,905.4,777.4,293.9,990
"2023-07-31 15:40:00",29.92,34.09,12.42,0.785,183.7,5.7,179.4,337.8
"2023-07-31 15:50:00",30.34,34.36,12.9,0.667,817.5,739.2,265,905
"2023-07-31 16:00:00",30.89,32.71,12.63,0.569,778.2,739.1,241.5,875
"2023-07-31 16:10:00",29.98,34.45,12.65,0.938,748.6,714.6,245.5,850
"2023-07-31 16:20:00",29.05,35.63,12.32,0.822,819,679.1,356.6,792.3
"2023-07-31 16:30:00",29.85,34.91,12.72,0.586,916.3,690.7,462.7,778.4
"2023-07-31 16:40:00",30.27,35.33,13.27,0.702,626.3,603,245.3,750.3
"2023-07-31 16:50:00",30.39,35.83,13.6,0.495,618.4,621.5,241.7,514.2
"2023-07-31 17:00:00",30.05,36.18,13.45,0.991,600.3,614.4,244.2,703.3
"2023-07-31 17:10:00",29.51,37.55,13.54,0.651,363.1,284.4,206.2,655.8
"2023-07-31 17:20:00",29.03,38.96,13.69,0.848,188.2,2.7,186.8,213
"2023-07-31 17:30:00",28.72,40.04,13.83,0.445,202.4,0,202.4,214.7
"2023-07-31 17:40:00",28.71,40.1,13.83,0.568,403.7,400.5,216.7,399.9
"2023-07-31 17:50:00",28.82,39.45,13.68,0.754,251,90.7,211.3,247.6
"2023-07-31 18:00:00",28.65,38.83,13.29,0.649,469.5,421.6,297.7,450.5
"2023-07-31 18:10:00",28.77,38.7,13.34,0.657,331.6,436.7,167,405.6
"2023-07-31 18:20:00",28.7,37.07,12.62,1.004,262.6,402,123.3,321.8
"2023-07-31 18:30:00",28.37,38.05,12.74,1.02,219.1,358.1,106.2,265.6
"2023-07-31 18:40:00",28.31,38.74,12.94,0.529,188.7,327.8,95.5,94.5
"2023-07-31 18:50:00",28.06,39.21,12.91,0.578,124.2,157.2,84.4,84.1
"2023-07-31 19:00:00",27.86,39.84,12.98,0.245,71.5,0,71.5,72.5
"2023-07-31 19:10:00",27.75,39.88,12.9,0.706,58.4,0,58.4,58.58
"2023-07-31 19:20:00",27.59,40.45,12.97,0.434,47,0,47,49.08
"2023-07-31 19:30:00",27.43,40.89,13,0.211,41.8,0,41.8,44.83
"2023-07-31 19:40:00",27.21,41.84,13.15,0.2,31.8,0,31.8,34.5
"2023-07-31 19:50:00",26.94,41.67,12.84,0.2,23,0,23,25.67
"2023-07-31 20:00:00",26.66,41.6,12.57,0.454,13.8,0,13.8,15.33
"2023-07-31 20:10:00",26.47,42.52,12.74,0.135,5.6,0,5.6,6.583
"2023-07-31 20:20:00",26.25,43.48,12.87,0.414,1,0,1,2
"2023-07-31 20:30:00",26.09,43.54,12.75,0.886,0,0,0,0.333
"2023-07-31 20:40:00",25.9,44.77,13,0.38,0,0,0,0
"2023-07-31 20:50:00",25.71,46.01,13.25,0.423,0,0,0,0
"2023-07-31 21:00:00",25.63,46.91,13.47,0.166,0,0,0,0
"2023-07-31 21:10:00",25.08,49.65,13.86,0.889,0,0,0,0
"2023-07-31 21:20:00",24.39,53.32,14.31,0.585,0,0,0,0
"2023-07-31 21:30:00",24.14,54.8,14.5,0.272,0,0,0,0
"2023-07-31 21:40:00",23.91,55.9,14.59,0.201,0,0,0,0
"2023-07-31 21:50:00",23.65,56.75,14.59,0.122,0,0,0,0
"2023-07-31 22:00:00",23.35,57.85,14.61,0.021,0,0,0,0
"2023-07-31 22:10:00",23.11,58.73,14.61,0,0,0,0,0
"2023-07-31 22:20:00",22.89,59.59,14.63,0.011,0,0,0,0
"2023-07-31 22:30:00",22.75,60.2,14.66,0.016,0,0,0,0
"2023-07-31 22:40:00",22.62,60.8,14.69,0.384,0,0,0,0
"2023-07-31 22:50:00",22.67,60.29,14.61,0.346,0,0,0,0
"2023-07-31 23:00:00",22.66,59.96,14.51,0.041,0,0,0,0
"2023-07-31 23:10:00",22.6,59.92,14.44,0.097,0,0,0,0
"2023-07-31 23:20:00",22.53,59.79,14.34,0.02,0,0,0,0
"2023-07-31 23:30:00",22.43,60.32,14.38,0.008,0,0,0,0
"2023-07-31 23:40:00",22.27,60.94,14.4,0.001,0,0,0,0
"2023-07-31 23:50:00",22.12,61.63,14.43,0,0,0,0,0
"2023-08-01 00:00:00",21.95,62.99,14.61,0,0,0,0,0
"2023-08-01 00:10:00",21.82,63.62,14.64,0.04,0,0,0,0
"2023-08-01 00:20:00",21.96,62.04,14.37,0.139,0,0,0,0
"2023-08-01 00:30:00",22.08,61.1,14.26,0.01,0,0,0,0
"2023-08-01 00:40:00",22.08,61.35,14.32,0,0,0,0,0
"2023-08-01 00:50:00",22.04,61.43,14.3,0.118,0,0,0,0
"2023-08-01 01:00:00",21.9,61.94,14.3,0.452,0,0,0,0
"2023-08-01 01:10:00",21.89,61.65,14.21,0.646,0,0,0,0
"2023-08-01 01:20:00",21.87,61.7,14.21,0.671,0,0,0,0
"2023-08-01 01:30:00",21.78,61.69,14.12,0.5,0,0,0,0
"2023-08-01 01:40:00",21.75,61.72,14.1,0.38,0,0,0,0
"2023-08-01 01:50:00",21.67,62.07,14.11,0.575,0,0,0,0
"2023-08-01 02:00:00",21.56,61.94,13.97,0.411,0,0,0,0
"2023-08-01 02:10:00",21.42,62.51,13.99,0.37,0,0,0,0
"2023-08-01 02:20:00",21.35,62.59,13.94,0.15,0,0,0,0
"2023-08-01 02:30:00",21.21,63.21,13.96,0.16,0,0,0,0
"2023-08-01 02:40:00",21.07,63.55,13.91,0.291,0,0,0,0
"2023-08-01 02:50:00",21,63.95,13.94,0.467,0,0,0,0
"2023-08-01 03:00:00",20.87,64.04,13.84,0.237,0,0,0,0
"2023-08-01 03:10:00",20.75,64.49,13.83,0.351,0,0,0,0
"2023-08-01 03:20:00",20.69,64.51,13.78,0.709,0,0,0,0
"2023-08-01 03:30:00",20.7,63.98,13.66,0.979,0,0,0,0
"2023-08-01 03:40:00",20.61,63.83,13.54,0.884,0,0,0,0
"2023-08-01 03:50:00",20.44,64.95,13.65,0.755,0,0,0,0
"2023-08-01 04:00:00",20.32,66.11,13.8,1.172,0,0,0,0
"2023-08-01 04:10:00",20.3,66.93,13.97,1.003,0,0,0,0
"2023-08-01 04:20:00",20.21,67.42,14,0.944,0,0,0,0
"2023-08-01 04:30:00",20.18,67.34,13.95,0.488,0,0,0,0
"2023-08-01 04:40:00",20.09,68.22,14.07,0.771,0,0,0,0
"2023-08-01 04:50:00",20.02,68.25,14,0.742,0,0,0,0
"2023-08-01 05:00:00",19.98,67.77,13.86,1.119,0,0,0,0
"2023-08-01 05:10:00",19.98,67.33,13.76,0.833,0,0,0,0
"2023-08-01 05:20:00",19.9,67.81,13.79,0.431,0,0,0,0
"2023-08-01 05:30:00",19.7,68.93,13.86,0.269,0,0,0,0
"2023-08-01 05:40:00",19.52,69.54,13.82,0.22,0,0,0,0
"2023-08-01 05:50:00",19.39,69.77,13.74,0.402,0,0,0,1.917
"2023-08-01 06:00:00",19.27,70.2,13.72,0.439,2.7,0,2.7,4
"2023-08-01 06:10:00",19.19,70.29,13.66,0.505,6.8,0,6.8,8.17
"2023-08-01 06:20:00",19.17,70.5,13.69,0.773,11,0,11,13
"2023-08-01 06:30:00",19.13,70.84,13.72,0.493,15,0,15,17
"2023-08-01 06:40:00",19.07,71.04,13.71,0.7,19.4,0,19.4,21.42
"2023-08-01 06:50:00",19.06,71.33,13.77,0.367,26,0,26,28.25
"2023-08-01 07:00:00",19.06,71.68,13.85,0.17,30,0,30,35
"2023-08-01 07:10:00",19.12,71.5,13.86,0.45,33.8,0,33.8,38
"2023-08-01 07:20:00",19.34,70.5,13.86,0.497,37.9,0,37.9,43
"2023-08-01 07:30:00",19.57,69.62,13.88,0.649,41,0,41,47
"2023-08-01 07:40:00",19.73,68.83,13.86,0.389,44,0,44,49.5
"2023-08-01 07:50:00",19.87,67.68,13.74,0.304,52.7,0,52.7,58.33
"2023-08-01 08:00:00",20.08,65.8,13.5,0.493,49,0,49,56.83
"2023-08-01 08:10:00",20.27,64.5,13.37,0.418,56.7,0,56.7,65
"2023-08-01 08:20:00",20.46,63.47,13.31,0.391,59,0,59,66.42
"2023-08-01 08:30:00",20.66,61.92,13.12,0.356,71.3,0,71.3,79.75
"2023-08-01 08:40:00",20.88,61.09,13.12,0.386,70,0,70,77.25
"2023-08-01 08:50:00",21.09,60.21,13.1,0.277,91,0,91,94
"2023-08-01 09:00:00",21.41,58.48,12.95,0.25,102.4,0,102.4,104.8
"2023-08-01 09:10:00",21.65,56.91,12.76,0.406,125,0,125,129.8
"2023-08-01 09:20:00",21.7,55.95,12.54,0.426,131.4,0,131.4,148.3
"2023-08-01 09:30:00",21.95,54.92,12.5,0.349,124.5,0,124.5,296.8
"2023-08-01 09:40:00",22.49,53.36,12.56,0.218,100.5,0,100.5,397.6
"2023-08-01 09:50:00",22.99,50.45,12.16,0.364,601.1,753.2,92,416.3
"2023-08-01 10:00:00",22.82,49.15,11.61,0.54,630.2,771.2,91,452.4
"2023-08-01 10:10:00",23.29,47.13,11.4,0.256,663.8,794,91,498.3
"2023-08-01 10:20:00",23.58,46.04,11.32,0.504,685.9,800.8,91,531.8
"2023-08-01 10:30:00",23.78,44.87,11.1,0.562,719.6,820.8,93.2,574.4
"2023-08-01 10:40:00",23.96,44.62,11.19,0.466,741.5,821.3,98.9,610
"2023-08-01 10:50:00",24.09,42.42,10.55,1.508,754,811.2,104.6,637.4
"2023-08-01 11:00:00",23.91,41.7,10.11,1.093,780.5,819.6,110.4,677.4
"2023-08-01 11:10:00",24.25,38.34,9.17,0.861,801.7,821.1,117.4,714.3
"2023-08-01 11:20:00",24.54,37.75,9.21,1.018,827.8,834.6,120,752
"2023-08-01 11:30:00",24.85,40.08,10.37,0.39,839.1,829,125,776.2
"2023-08-01 11:40:00",25.38,36.98,9.63,0.45,849.4,824.6,129,794.6
"2023-08-01 11:50:00",25.57,35.95,9.4,0.419,878.3,843.2,132.5,835
"2023-08-01 12:00:00",25.7,35.46,9.3,0.912,890.2,839.2,140,858
"2023-08-01 12:10:00",26.13,35.38,9.66,0.516,925,842.1,165.2,902
"2023-08-01 12:20:00",25.92,35.75,9.62,1.152,990.9,839.3,227.8,945
"2023-08-01 12:30:00",25.75,37.49,10.18,0.815,975.4,853.6,194.6,974
"2023-08-01 12:40:00",25.96,36.26,9.88,1.033,1013,846,235.6,505.8
"2023-08-01 12:50:00",26.42,36.03,10.17,0.312,1074.1,858.4,282.9,919
"2023-08-01 13:00:00",26.57,35.19,9.97,0.982,649.3,354.7,321.9,310.9
"2023-08-01 13:10:00",25.81,35.81,9.55,0.693,976.7,687.5,342,412.1
"2023-08-01 13:20:00",26.63,33.63,9.33,0.726,977.3,757,279.3,1017
"2023-08-01 13:30:00",27.43,33.6,10.02,0.437,995.5,749.4,306.5,1047
"2023-08-01 13:40:00",26.58,32.56,8.82,1.382,1035.1,794.6,307.9,1077
"2023-08-01 13:50:00",26.19,33.55,8.91,1.062,1097.8,797.9,371.8,1137
"2023-08-01 14:00:00",26.71,33.19,9.23,1.186,274.2,1.9,272.6,287
"2023-08-01 14:10:00",25.83,35.26,9.33,1.047,721.1,471.4,299.2,1150
"2023-08-01 14:20:00",26.31,34,9.23,0.938,753.3,464.7,341.7,899
"2023-08-01 14:30:00",26.81,34.18,9.73,1.107,1122.6,863.2,367.3,975
"2023-08-01 14:40:00",26.54,33.93,9.39,0.771,1074.9,843.3,347.2,1141
"2023-08-01 14:50:00",27.01,33.11,9.43,0.668,854.6,686.1,271.6,1011
"2023-08-01 15:00:00",27.77,32.37,9.77,0.782,952,852.4,240,1044
"2023-08-01 15:10:00",27.97,31.22,9.4,0.876,928.2,850.3,231.3,1043
"2023-08-01 15:20:00",27.88,31.77,9.58,0.704,586.3,430,241,638.4
"2023-08-01 15:30:00",28.11,32.12,9.95,0.538,224.3,0,224.3,247.3
"2023-08-01 15:40:00",27.01,34.14,9.9,1.131,211.5,0,211.5,244.8
"2023-08-01 15:50:00",26.61,35.01,9.92,0.694,921.4,838.5,296.5,1026
"2023-08-01 16:00:00",27.19,34.16,10.06,1.268,125.1,0,125.1,149.8
"2023-08-01 16:10:00",26.26,35.63,9.87,1.307,532.9,407.8,246.9,1010
"2023-08-01 16:20:00",26.96,35.14,10.28,0.505,1015.2,823.8,456.1,977
"2023-08-01 16:30:00",27.49,35.03,10.7,0.657,189.3,0.8,188.8,263.2
"2023-08-01 16:40:00",26.58,36.77,10.63,0.656,516.2,260.8,352.1,404.5
"2023-08-01 16:50:00",26.25,38.47,11.02,0.859,281.5,5.3,278.3,331.5
"2023-08-01 17:00:00",26.39,38.27,11.04,0.926,304.8,108.7,242,546.6
"2023-08-01 17:10:00",26.67,33.52,9.32,1.421,393.6,261.4,249.8,799.4
"2023-08-01 17:20:00",27.3,32.39,9.36,0.569,525.3,695.1,162.4,684.8
"2023-08-01 17:30:00",27.36,32.8,9.61,0.588,503.1,755.2,130.4,627.2
"2023-08-01 17:40:00",27.87,33.34,10.29,0.535,479.5,734,138.7,547.4
"2023-08-01 17:50:00",27.35,34.24,10.25,0.612,82,0.1,82,78.5
"2023-08-01 18:00:00",26.86,36.94,10.94,0.356,486.9,611.4,239.4,549.4
"2023-08-01 18:10:00",27.03,35.76,10.6,0.587,406.9,674.8,154.3,519.6
"2023-08-01 18:20:00",27.12,35.39,10.52,0.94,325.1,656.8,99.3,438.7
"2023-08-01 18:30:00",26.99,34.26,9.92,0.839,275,626.6,79.1,373.7
"2023-08-01 18:40:00",26.56,35.24,9.98,0.535,121.6,206.9,63.2,54.58
"2023-08-01 18:50:00",25.86,35.88,9.62,0.983,53,0,53,48.25
"2023-08-01 19:00:00",25.45,37.09,9.76,0.471,41.1,0,41.1,40.33
"2023-08-01 19:10:00",25.19,38.01,9.89,0.547,75.9,0,75.9,69
"2023-08-01 19:20:00",25.24,37.66,9.8,0.571,56.8,0,56.8,50.83
"2023-08-01 19:30:00",25.26,37.4,9.71,0.576,27.9,0,27.9,25.08
"2023-08-01 19:40:00",24.99,37.69,9.58,0.919,19,0,19,18.92
"2023-08-01 19:50:00",24.71,38.19,9.54,0.629,13.8,0,13.8,14.33
"2023-08-01 20:00:00",24.5,38.43,9.44,0.798,9.3,0,9.3,11
"2023-08-01 20:10:00",24.26,39.23,9.54,0.598,4.4,0,4.4,5.833
"2023-08-01 20:20:00",23.95,40.7,9.81,0.33,1,0,1,2
"2023-08-01 20:30:00",23.62,41.93,9.95,0.115,0,0,0,0
"2023-08-01 20:40:00",23.4,42.69,10.02,0.145,0,0,0,0
"2023-08-01 20:50:00",23.19,43.32,10.05,0.151,0,0,0,0
"2023-08-01 21:00:00",23,43.95,10.1,0.09,0,0,0,0
"2023-08-01 21:10:00",22.78,44.33,10.02,0.056,0,0,0,0
"2023-08-01 21:20:00",22.61,44.8,10.03,0.054,0,0,0,0
"2023-08-01 21:30:00",22.39,45.39,10.03,0.116,0,0,0,0
"2023-08-01 21:40:00",22.25,45.57,9.96,0.189,0,0,0,0
"2023-08-01 21:50:00",22.06,46.39,10.05,0.282,0,0,0,0
"2023-08-01 22:00:00",21.87,46.9,10.04,0.779,0,0,0,0
"2023-08-01 22:10:00",21.8,46.97,10,0.667,0,0,0,0
"2023-08-01 22:20:00",21.64,47.81,10.12,0.513,0,0,0,0
"2023-08-01 22:30:00",21.4,48.63,10.16,0.248,0,0,0,0
"2023-08-01 22:40:00",21.11,49.73,10.23,0.014,0,0,0,0
"2023-08-01 22:50:00",20.79,51.82,10.55,0.067,0,0,0,0
"2023-08-01 23:00:00",20.41,53.27,10.61,0.051,0,0,0,0
"2023-08-01 23:10:00",20.29,53.55,10.57,0.125,0,0,0,0
"2023-08-01 23:20:00",20.22,53.71,10.55,0.027,0,0,0,0
"2023-08-01 23:30:00",20.13,54.21,10.61,0,0,0,0,0
"2023-08-01 23:40:00",19.83,55.34,10.64,0.007,0,0,0,0
"2023-08-01 23:50:00",19.58,56.43,10.7,0.035,0,0,0,0
"2023-08-02 00:00:00",19.53,56.93,10.78,0.019,0,0,0,0
"2023-08-02 00:10:00",19.48,57.42,10.86,0.068,0,0,0,0
"2023-08-02 00:20:00",19.29,58.02,10.85,0.344,0,0,0,0
"2023-08-02 00:30:00",19.17,58.27,10.8,0.084,0,0,0,0
"2023-08-02 00:40:00",19.17,58.94,10.97,0.042,0,0,0,0
"2023-08-02 00:50:00",18.96,60.21,11.09,0.03,0,0,0,0
"2023-08-02 01:00:00",18.64,62.28,11.3,0,0,0,0,0
"2023-08-02 01:10:00",18.13,64.21,11.28,0.031,0,0,0,0
"2023-08-02 01:20:00",18.12,64.25,11.28,0.04,0,0,0,0
"2023-08-02 01:30:00",18.13,64.96,11.45,0.171,0,0,0,0
"2023-08-02 01:40:00",18.04,65.91,11.59,0.125,0,0,0,0
"2023-08-02 01:50:00",17.89,66.66,11.62,0.104,0,0,0,0
"2023-08-02 02:00:00",17.83,66.95,11.63,0.201,0,0,0,0
"2023-08-02 02:10:00",17.76,67.28,11.63,0.085,0,0,0,0
"2023-08-02 02:20:00",17.68,67.59,11.63,0.117,0,0,0,0
"2023-08-02 02:30:00",17.62,67.61,11.57,0.012,0,0,0,0
"2023-08-02 02:40:00",17.54,67.76,11.53,0.065,0,0,0,0
"2023-08-02 02:50:00",17.47,68.03,11.52,0.015,0,0,0,0
"2023-08-02 03:00:00",17.38,68.46,11.53,0.094,0,0,0,0
"2023-08-02 03:10:00",17.23,69.24,11.56,0.122,0,0,0,0
"2023-08-02 03:20:00",17.1,69.72,11.54,0.116,0,0,0,0
"2023-08-02 03:30:00",17.05,69.75,11.5,0.073,0,0,0,0
"2023-08-02 03:40:00",17.03,69.62,11.45,0.037,0,0,0,0
"2023-08-02 03:50:00",16.86,70.59,11.5,0.003,0,0,0,0
"2023-08-02 04:00:00",16.37,72.62,11.46,0,0,0,0,0
"2023-08-02 04:10:00",16.02,74.27,11.46,0,0,0,0,0
"2023-08-02 04:20:00",16.16,73.19,11.36,0.176,0,0,0,0
"2023-08-02 04:30:00",16.65,70.76,11.33,0.117,0,0,0,0
"2023-08-02 04:40:00",16.34,73.17,11.55,0.001,0,0,0,0
"2023-08-02 04:50:00",15.88,75.18,11.51,0,0,0,0,0
"2023-08-02 05:00:00",15.44,77.51,11.55,0,0,0,0,0
"2023-08-02 05:10:00",15.09,80.2,11.72,0.028,0,0,0,0
"2023-08-02 05:20:00",15.21,80,11.8,0.375,0,0,0,0
"2023-08-02 05:30:00",15.66,77.84,11.82,0.292,0,0,0,0
"2023-08-02 05:40:00",15.49,78.63,11.81,0.197,0,0,0,0
"2023-08-02 05:50:00",15.44,78.38,11.71,0.217,1,0,1,2.333
"2023-08-02 06:00:00",15.07,80.4,11.73,0,3,0,3,6
"2023-08-02 06:10:00",14.85,81.7,11.76,0.591,7,0,7,10
"2023-08-02 06:20:00",14.99,80.7,11.72,0.526,11,0,11,15.17
"2023-08-02 06:30:00",15.17,79.96,11.74,0.598,15.8,0,15.8,20
"2023-08-02 06:40:00",15.32,78.66,11.64,0.613,18.4,0,18.4,22.92
"2023-08-02 06:50:00",15.64,76.76,11.58,0.131,21.1,0,21.1,25.58
"2023-08-02 07:00:00",15.79,76.85,11.75,0.214,24,0,24,28.83
"2023-08-02 07:10:00",15.85,76.68,11.78,0.089,27,0,27,30.08
"2023-08-02 07:20:00",16.2,74.77,11.73,0.147,29,0,29,33
"2023-08-02 07:30:00",16.53,73.28,11.75,0.017,31.5,0,31.5,36
"2023-08-02 07:40:00",17.01,71.21,11.77,0.105,34,0,34,39
"2023-08-02 07:50:00",17.46,68.46,11.61,0.085,36.8,0,36.8,42
"2023-08-02 08:00:00",17.95,66.37,11.61,0.165,39.2,0,39.2,45
"2023-08-02 08:10:00",18.35,64.31,11.51,0.071,42,0,42,48
"2023-08-02 08:20:00",18.8,62.05,11.39,0.279,44.9,0,44.9,50
"2023-08-02 08:30:00",19.07,60.29,11.21,0.115,47.6,0,47.6,52.17
"2023-08-02 08:40:00",19.28,59.93,11.32,0.279,51,0,51,55
"2023-08-02 08:50:00",19.76,58.06,11.29,0.439,54,0,54,58
"2023-08-02 09:00:00",20.01,57.06,11.26,0.263,56,0,56,60
"2023-08-02 09:10:00",20.35,54.92,11.01,0.263,59,0,59,63.25
"2023-08-02 09:20:00",20.65,54.19,11.09,0.101,61,0,61,71.58
"2023-08-02 09:30:00",21.03,53.17,11.15,0.147,64,0,64,342
"2023-08-02 09:40:00",21.61,50.13,10.79,0.392,67,0,67,382.3
"2023-08-02 09:50:00",22.05,48.47,10.69,0.42,623.4,819.7,71,422.1
"2023-08-02 10:00:00",22.4,45.36,10.02,0.954,650,826,74,462.3
"2023-08-02 10:10:00",22.61,44.59,9.96,0.429,678.5,834.4,78,503.8
"2023-08-02 10:20:00",23.01,42.95,9.75,0.615,703.1,836.8,83,543.4
"2023-08-02 10:30:00",23,42.09,9.46,0.781,728.4,838,90.4,582.8
"2023-08-02 10:40:00",23.3,42.54,9.87,0.428,737.2,812.6,102.9,611.1
"2023-08-02 10:50:00",24.13,39.24,9.42,0.287,755,803.7,113,644.5
"2023-08-02 11:00:00",24.08,39.32,9.41,0.66,789.9,791.3,144.4,687.8
"2023-08-02 11:10:00",24.14,39.03,9.35,0.452,790.2,800.6,124.4,707.3
"2023-08-02 11:20:00",24.81,38.78,9.85,0.579,832,786.7,166.2,785.6
"2023-08-02 11:30:00",24.58,38.97,9.72,0.658,845.9,825.4,136.2,784
"2023-08-02 11:40:00",24.62,37.34,9.12,0.738,854.8,831.2,130.1,804
"2023-08-02 11:50:00",24.32,37.63,8.97,0.939,309.5,179,151.6,137.7
"2023-08-02 12:00:00",24.51,38.55,9.5,0.535,904.9,879.2,120.4,882
"2023-08-02 12:10:00",25.25,37.91,9.9,1,944.9,907,128.1,913
"2023-08-02 12:20:00",25.45,37.28,9.83,0.567,369.1,223.3,166.4,741
"2023-08-02 12:30:00",25.5,36.29,9.47,0.996,611,472,179.9,1024
"2023-08-02 12:40:00",25.43,34.84,8.8,0.612,1019.2,903.4,190.5,1020
"2023-08-02 12:50:00",25.79,35.38,9.35,0.661,982.5,896.1,158.1,990
"2023-08-02 13:00:00",26.95,33.39,9.51,0.567,187.7,29.9,160.1,440.2
"2023-08-02 13:10:00",26.17,33.5,8.88,0.805,1005,899.3,176.2,1030
"2023-08-02 13:20:00",26.82,31.48,8.52,0.599,1003.7,907.3,168.8,1033
"2023-08-02 13:30:00",27.27,31.99,9.15,0.795,1008.5,909.6,173.8,1043
"2023-08-02 13:40:00",26.85,31.91,8.76,0.952,961.7,799.2,231.5,917
"2023-08-02 13:50:00",26.57,32.94,8.97,0.874,1050.1,884.9,246.5,1082
"2023-08-02 14:00:00",27.78,32.31,9.75,0.595,645.4,454.4,235.8,621.5
"2023-08-02 14:10:00",26.92,34.09,9.8,0.717,1050,837,302.3,1129
"2023-08-02 14:20:00",26.88,34.03,9.73,0.549,1067.7,868.2,300.4,1116
"2023-08-02 14:30:00",27.63,33.27,10.05,0.826,428.9,206.5,248.5,351.9
"2023-08-02 14:40:00",27.29,33.85,10.01,0.413,1026.6,857.4,288.2,1093
"2023-08-02 14:50:00",26.97,34.09,9.84,1.225,1053.8,856.7,327.4,1118
"2023-08-02 15:00:00",28.05,33.23,10.4,0.744,1022.6,860.4,305.6,734.8
"2023-08-02 15:10:00",27.91,32.94,10.15,0.803,206.6,19.2,190.9,202.2
"2023-08-02 15:20:00",27.27,33.67,9.91,1.023,859.4,707,293.2,1085
"2023-08-02 15:30:00",27.54,33.59,10.11,0.664,190.6,1.8,189.2,216.1
"2023-08-02 15:40:00",27.5,33.65,10.1,0.563,895.5,823.2,267,1003
"2023-08-02 15:50:00",28.02,32.36,9.98,0.764,427.3,247,243.7,214.6
"2023-08-02 16:00:00",27.62,32.69,9.79,0.467,267.4,81.7,208.4,673.7
"2023-08-02 16:10:00",27.77,32.59,9.86,0.67,853.8,771.1,314.3,975
"2023-08-02 16:20:00",28.02,32.8,10.17,0.526,256.3,47.3,224.3,249.6
"2023-08-02 16:30:00",27.69,31.83,9.45,1.195,905.8,744.8,420,855
"2023-08-02 16:40:00",28.31,31.54,9.84,0.491,694.1,761.6,216.4,812
"2023-08-02 16:50:00",28.68,31.29,10.05,0.705,661.5,755.2,207.3,783.2
"2023-08-02 17:00:00",28.34,31.12,9.66,0.474,613.5,745.2,185.2,741.8
"2023-08-02 17:10:00",28.62,29.65,9.19,0.653,590.8,748.8,180.8,712.1
"2023-08-02 17:20:00",28.91,29.13,9.17,0.752,543.4,707.8,175.7,660.7
"2023-08-02 17:30:00",28.45,29.09,8.77,1.012,510.6,701.7,166.1,629.8
"2023-08-02 17:40:00",28.39,29.82,9.09,0.947,480.3,670.3,170.8,592.2
"2023-08-02 17:50:00",28.72,30.81,9.85,0.361,514.8,658,230.4,565
"2023-08-02 18:00:00",28.87,30.16,9.65,0.312,501,658.6,236.1,515.5
"2023-08-02 18:10:00",28.38,30.06,9.21,0.474,345.4,633.1,110.1,457.8
"2023-08-02 18:20:00",27.7,32.22,9.63,0.883,295.6,570.8,101.1,390.9
"2023-08-02 18:30:00",27.47,32.12,9.39,0.615,239.3,480.5,90.4,311.1
"2023-08-02 18:40:00",27.18,32.98,9.53,0.491,59,1,58.7,62.08
"2023-08-02 18:50:00",26.68,33.54,9.34,0.371,53,0,53,56
"2023-08-02 19:00:00",25.91,40.47,11.47,1.603,50.1,0,50.1,47.17
"2023-08-02 19:10:00",24.95,47.06,12.91,2.326,37.5,0,37.5,38.08
"2023-08-02 19:20:00",24.41,48.91,13,1.971,37.5,0,37.5,36.08
"2023-08-02 19:30:00",24.12,49.59,12.95,2.11,34,0,34,34.92
"2023-08-02 19:40:00",23.85,49.44,12.65,2.171,26.2,0,26.2,28
"2023-08-02 19:50:00",23.62,49.55,12.47,2.216,19.4,0,19.4,21.33
"2023-08-02 20:00:00",23.31,50.29,12.42,2.531,10.1,0,10.1,12
"2023-08-02 20:10:00",23.08,51.18,12.47,2.443,2.8,0,2.8,3.583
"2023-08-02 20:20:00",22.83,52.12,12.51,2.091,0,0,0,1
"2023-08-02 20:30:00",22.61,52.84,12.53,1.906,0,0,0,0
"2023-08-02 20:40:00",22.41,53.81,12.61,1.927,0,0,0,0
"2023-08-02 20:50:00",22.27,54.6,12.7,1.379,0,0,0,0
"2023-08-02 21:00:00",22.18,54.93,12.71,1.519,0,0,0,0
"2023-08-02 21:10:00",22.02,54.72,12.5,2.272,0,0,0,0
"2023-08-02 21:20:00",21.9,54.66,12.38,2.266,0,0,0,0
"2023-08-02 21:30:00",21.74,55.01,12.32,2.18,0,0,0,0
"2023-08-02 21:40:00",21.59,55.46,12.32,2.266,0,0,0,0
"2023-08-02 21:50:00",21.47,55.86,12.3,2.231,0,0,0,0
"2023-08-02 22:00:00",21.31,56.33,12.28,2.199,0,0,0,0
"2023-08-02 22:10:00",21.16,56.95,12.31,1.678,0,0,0,0
"2023-08-02 22:20:00",21.01,57.18,12.23,2.228,0,0,0,0
"2023-08-02 22:30:00",20.87,57.45,12.17,1.908,0,0,0,0
"2023-08-02 22:40:00",20.72,57.89,12.15,1.925,0,0,0,0
"2023-08-02 22:50:00",20.58,58.07,12.07,1.834,0,0,0,0
"2023-08-02 23:00:00",20.46,58.49,12.06,1.837,0,0,0,0
"2023-08-02 23:10:00",20.36,58.58,12,1.903,0,0,0,0
"2023-08-02 23:20:00",20.22,58.99,11.97,1.657,0,0,0,0
"2023-08-02 23:30:00",20.13,59.4,11.99,1.594,0,0,0,0
"2023-08-02 23:40:00",19.99,60,12.01,1.577,0,0,0,0
"2023-08-02 23:50:00",19.88,60.61,12.06,1.263,0,0,0,0
"2023-08-03 00:00:00",19.81,60.99,12.09,1.158,0,0,0,0
"2023-08-03 00:10:00",19.73,61.44,12.13,1.705,0,0,0,0
"2023-08-03 00:20:00",19.67,61.81,12.16,1.485,0,0,0,0
"2023-08-03 00:30:00",19.57,62.39,12.21,0.498,0,0,0,0
"2023-08-03 00:40:00",19.42,62.87,12.19,0.362,0,0,0,0
"2023-08-03 00:50:00",19.29,63.36,12.18,0.463,0,0,0,0
"2023-08-03 01:00:00",19.1,64.06,12.16,0.393,0,0,0,0
"2023-08-03 01:10:00",19.07,64.03,12.13,0.289,0,0,0,0
"2023-08-03 01:20:00",19.11,64.14,12.19,0.436,0,0,0,0
"2023-08-03 01:30:00",19.01,64.38,12.15,0.276,0,0,0,0
"2023-08-03 01:40:00",18.94,64.94,12.22,0.357,0,0,0,0
"2023-08-03 01:50:00",18.75,66.09,12.31,0.418,0,0,0,0
"2023-08-03 02:00:00",18.65,66.24,12.25,0.51,0,0,0,0
"2023-08-03 02:10:00",18.56,66.8,12.29,0.692,0,0,0,0
"2023-08-03 02:20:00",18.4,67.92,12.39,0.623,0,0,0,0
"2023-08-03 02:30:00",18.09,69.6,12.47,0.899,0,0,0,0
"2023-08-03 02:40:00",17.96,70.16,12.46,0.341,0,0,0,0
"2023-08-03 02:50:00",17.91,70.18,12.42,0.604,0,0,0,0
"2023-08-03 03:00:00",17.79,70.55,12.38,0.766,0,0,0,0
"2023-08-03 03:10:00",17.63,71.28,12.39,0.745,0,0,0,0
"2023-08-03 03:20:00",17.58,71.4,12.36,0.993,0,0,0,0
"2023-08-03 03:30:00",17.5,71.87,12.38,0.981,0,0,0,0
"2023-08-03 03:40:00",17.39,72.15,12.34,1.089,0,0,0,0
"2023-08-03 03:50:00",17.38,72.1,12.32,0.85,0,0,0,0
"2023-08-03 04:00:00",17.44,72.5,12.46,0.158,0,0,0,0
"2023-08-03 04:10:00",17.43,72.39,12.43,0.123,0,0,0,0
"2023-08-03 04:20:00",17.36,72.65,12.42,0.026,0,0,0,0
"2023-08-03 04:30:00",17.34,73.22,12.52,0,0,0,0,0
"2023-08-03 04:40:00",17.21,73.98,12.55,0.082,0,0,0,0
"2023-08-03 04:50:00",17.06,75.14,12.64,0.076,0,0,0,0
"2023-08-03 05:00:00",16.69,77.25,12.71,0,0,0,0,0
"2023-08-03 05:10:00",16.26,79.49,12.72,0,0,0,0,0
"2023-08-03 05:20:00",15.96,80.9,12.69,0,0,0,0,0
"2023-08-03 05:30:00",15.76,82.4,12.77,0,0,0,0,0
"2023-08-03 05:40:00",15.63,82.9,12.74,0.026,0,0,0,0
"2023-08-03 05:50:00",15.67,82.8,12.76,0,0,0,0,1.333
"2023-08-03 06:00:00",15.62,83.1,12.78,0.025,2,0,2,3.167
"2023-08-03 06:10:00",15.49,83.9,12.81,0.002,6.5,0,6.5,8.17
"2023-08-03 06:20:00",15.82,81.9,12.75,0.064,14.6,0,14.6,16
"2023-08-03 06:30:00",16.42,78.89,12.76,0.09,18.1,0,18.1,20.33
"2023-08-03 06:40:00",16.9,76.75,12.81,0.695,34.4,0,34.4,37.75
"2023-08-03 06:50:00",17.12,76.06,12.88,0.683,46.5,0,46.5,51.92
"2023-08-03 07:00:00",17.31,75.62,12.97,0.96,59.3,0,59.3,65
"2023-08-03 07:10:00",17.47,75.74,13.16,0.905,58,0,58,61.92
"2023-08-03 07:20:00",17.56,75.71,13.24,0.641,64.5,0,64.5,67.83
"2023-08-03 07:30:00",17.69,75.95,13.41,0.51,75,0,75,77
"2023-08-03 07:40:00",17.9,75.39,13.5,0.535,80.1,0,80.1,82.7
"2023-08-03 07:50:00",18.22,74.2,13.56,1.028,90,0,90,90.9
"2023-08-03 08:00:00",18.51,73.16,13.63,0.843,102.1,0,102.1,105.6
"2023-08-03 08:10:00",18.74,72.29,13.66,1.059,118.9,0,118.9,125.1
"2023-08-03 08:20:00",19.06,71.37,13.78,0.978,134,0,134,143.4
"2023-08-03 08:30:00",19.37,70.48,13.88,0.913,154.6,0,154.6,160
"2023-08-03 08:40:00",19.73,69.14,13.93,1.521,158.9,0,158.9,166.1
"2023-08-03 08:50:00",20,68.23,13.98,1.78,162.7,0,162.7,172.8
"2023-08-03 09:00:00",20.42,67.92,14.31,1.241,168.4,0,168.4,178.3
"2023-08-03 09:10:00",20.78,66.92,14.43,1.529,187.5,0,187.5,210.4
"2023-08-03 09:20:00",21.1,66.37,14.61,1.019,233.2,0,233.2,256.3
"2023-08-03 09:30:00",21.35,65.9,14.73,1.133,236.1,0,236.1,236.8
"2023-08-03 09:40:00",21.63,65.05,14.8,1.65,231.7,2.6,230,264.4
"2023-08-03 09:50:00",21.99,65.16,15.16,1.595,272.8,40.5,245.6,269.1
"2023-08-03 10:00:00",22.4,64.68,15.44,1.442,461.8,311.7,245,418.7
"2023-08-03 10:10:00",22.96,62.83,15.52,2.624,462.6,185.6,329.4,430.6
"2023-08-03 10:20:00",23.02,62.51,15.49,2.524,504.9,230.8,334.4,427.2
"2023-08-03 10:30:00",23.18,62.21,15.57,2.036,380.6,25.3,361.4,380.8
"2023-08-03 10:40:00",23.46,61.48,15.65,2.204,467.1,145.6,353.7,410.7
"2023-08-03 10:50:00",23.54,61.77,15.8,2.049,352.1,6.4,347,358.3
"2023-08-03 11:00:00",23.74,61.5,15.92,1.859,359.3,13.5,348.4,363.3
"2023-08-03 11:10:00",23.98,60.88,15.98,2.264,415.7,72.8,355.3,375.1
"2023-08-03 11:20:00",23.79,61.68,16.01,2.394,670.7,358.4,368,615
"2023-08-03 11:30:00",24.38,60.02,16.14,2.417,698.2,422.2,335.9,671.6
"2023-08-03 11:40:00",24.79,59.44,16.36,1.505,731.4,420.7,365.4,701.8
"2023-08-03 11:50:00",24.9,58.27,16.16,2.423,743.4,389.6,400.2,733.9
"2023-08-03 12:00:00",25.04,58.13,16.25,1.903,808.4,433.1,422.7,699.6
"2023-08-03 12:10:00",25.46,56.04,16.06,2.309,667.2,267.7,426.6,525.8
"2023-08-03 12:20:00",25.58,55.76,16.11,1.788,371.4,14.9,357.8,373.2
"2023-08-03 12:30:00",25.53,55.74,16.06,1.764,387.5,2,385.7,423.9
"2023-08-03 12:40:00",25.37,55.71,15.9,2.227,389.8,44.2,349.3,345.2
"2023-08-03 12:50:00",25.19,56.1,15.84,2.734,739.1,295.7,467.5,712.5
"2023-08-03 13:00:00",25.88,53.98,15.88,2.409,595.4,162.5,445.9,470
"2023-08-03 13:10:00",25.75,54.41,15.88,2.046,412.1,1.1,411.1,516.6
"2023-08-03 13:20:00",25.78,54.36,15.9,1.694,446.2,5.4,441.2,447.3
"2023-08-03 13:30:00",25.92,54.05,15.93,2.878,450.5,52.1,402.8,434.2
"2023-08-03 13:40:00",25.86,54.72,16.07,2.167,199.6,0,199.6,260.7
"2023-08-03 13:50:00",25.82,54.68,16.02,2.778,645.3,147.1,512,669.4
"2023-08-03 14:00:00",26.11,53.13,15.84,2.706,158.5,0,158.5,164.1
"2023-08-03 14:10:00",25.85,55.27,16.22,1.98,397.9,2.3,395.8,410.2
"2023-08-03 14:20:00",25.99,55.18,16.32,2.091,202.6,0,202.6,196.2
"2023-08-03 14:30:00",25.86,55.24,16.21,2.327,208.8,0,208.8,237.4
"2023-08-03 14:40:00",25.62,55.77,16.15,1.837,149.5,0,149.5,177
"2023-08-03 14:50:00",25.64,56.07,16.25,2.293,278.6,0,278.6,324.8
"2023-08-03 15:00:00",25.7,56.07,16.3,2.276,286,0.1,285.9,276.3
"2023-08-03 15:10:00",25.78,56.41,16.48,2.13,192.1,0,192.1,229.2
"2023-08-03 15:20:00",25.73,56.98,16.59,1.562,539.2,82.6,473.1,676.4
"2023-08-03 15:30:00",26.27,55.71,16.73,2.92,750.4,407.8,432.1,833
"2023-08-03 15:40:00",26.15,56.02,16.71,2.919,198.9,2.2,197.2,227.6
"2023-08-03 15:50:00",25.81,57.43,16.78,2.604,286.7,0,286.7,330.5
"2023-08-03 16:00:00",25.84,57.24,16.76,2.826,217.1,0.2,217,217.2
"2023-08-03 16:10:00",25.75,57.57,16.76,2.33,269.2,60.8,226.8,352.8
"2023-08-03 16:20:00",25.76,58,16.9,2.28,127.3,0,127.3,141.8
"2023-08-03 16:30:00",25.7,58.52,16.98,2.41,145.3,0,145.3,152.8
"2023-08-03 16:40:00",25.53,58.59,16.84,3.278,83.2,0,83.2,148.3
"2023-08-03 16:50:00",25.6,58.68,16.93,2.5,246.7,1.6,245.7,258.6
"2023-08-03 17:00:00",25.82,58.52,17.09,2.228,169.4,0.2,169.2,180.7
"2023-08-03 17:10:00",25.66,58.86,17.03,2.871,219.5,0.4,219.3,218.7
"2023-08-03 17:20:00",25.52,59.29,17.02,2.601,119.3,0,119.3,148
"2023-08-03 17:30:00",25.51,58.91,16.91,2.692,175.1,0,175.1,166.7
"2023-08-03 17:40:00",25.36,59.04,16.8,3.342,359.8,286.6,228.2,417.2
"2023-08-03 17:50:00",25.44,57.99,16.59,3.564,335,310.7,201.5,384.2
"2023-08-03 18:00:00",25.61,57.94,16.74,3.054,366.2,308.3,243.1,338
"2023-08-03 18:10:00",25.58,58.34,16.82,2.435,73.8,0,73.8,74.58
"2023-08-03 18:20:00",25.1,59.28,16.62,2.386,69,0,69,74.17
"2023-08-03 18:30:00",24.81,59.62,16.44,3.07,58.1,0,58.1,48.67
"2023-08-03 18:40:00",24.76,59.95,16.48,2.475,19,0,19,22.92
"2023-08-03 18:50:00",24.57,59.95,16.3,3.164,37.3,0,37.3,46.92
"2023-08-03 19:00:00",24.37,59.47,15.98,2.705,40.2,0,40.2,41.08
"2023-08-03 19:10:00",24.29,59.69,15.96,2.513,38,0,38,41.92
"2023-08-03 19:20:00",24.14,59.9,15.88,2.861,25.5,0,25.5,28.33
"2023-08-03 19:30:00",23.99,60.71,15.95,2.801,26.6,0,26.6,28.25
"2023-08-03 19:40:00",23.71,61.3,15.84,2.822,24,0,24,26
"2023-08-03 19:50:00",23.62,61.3,15.75,3.007,16.3,0,16.3,16.58
"2023-08-03 20:00:00",23.49,61,15.55,3.105,6.4,0,6.4,7
"2023-08-03 20:10:00",23.31,61.46,15.5,2.76,2,0,2,2.75
"2023-08-03 20:20:00",23.16,61.86,15.46,2.691,0,0,0,1
"2023-08-03 20:30:00",23.08,62.12,15.46,2.515,0,0,0,0
"2023-08-03 20:40:00",23.08,61.61,15.32,2.234,0,0,0,0
"2023-08-03 20:50:00",23.06,61.14,15.19,2.658,0,0,0,0
"2023-08-03 21:00:00",23,61.1,15.12,2.127,0,0,0,0
"2023-08-03 21:10:00",22.93,61.07,15.04,2.2,0,0,0,0
"2023-08-03 21:20:00",22.85,61.11,14.98,2.339,0,0,0,0
"2023-08-03 21:30:00",22.72,61.01,14.83,2.034,0,0,0,0
"2023-08-03 21:40:00",22.63,61.15,14.79,1.92,0,0,0,0
"2023-08-03 21:50:00",22.54,61.5,14.78,1.988,0,0,0,0
"2023-08-03 22:00:00",22.43,61.56,14.7,2.125,0,0,0,0
"2023-08-03 22:10:00",22.38,62.02,14.77,2.173,0,0,0,0
"2023-08-03 22:20:00",22.31,62.26,14.76,2.193,0,0,0,0
"2023-08-03 22:30:00",22.22,62.59,14.76,2.22,0,0,0,0
"2023-08-03 22:40:00",22.15,63.02,14.8,2.221,0,0,0,0
"2023-08-03 22:50:00",22.05,63.52,14.83,2.053,0,0,0,0
"2023-08-03 23:00:00",21.99,64.03,14.89,2.182,0,0,0,0
"2023-08-03 23:10:00",21.93,64.49,14.95,1.67,0,0,0,0
"2023-08-03 23:20:00",21.84,64.93,14.97,2.03,0,0,0,0
"2023-08-03 23:30:00",21.77,65.52,15.04,1.954,0,0,0,0
"2023-08-03 23:40:00",21.69,65.79,15.03,1.783,0,0,0,0
"2023-08-03 23:50:00",21.62,66.57,15.15,1.789,0,0,0,0
"2023-08-04 00:00:00",21.6,67.27,15.29,1.942,0,0,0,0
"2023-08-04 00:10:00",21.54,67.72,15.34,1.523,0,0,0,0
"2023-08-04 00:20:00",21.49,68.22,15.41,1.667,0,0,0,0
"2023-08-04 00:30:00",21.48,69.08,15.59,1.601,0,0,0,0
"2023-08-04 00:40:00",21.39,69.75,15.65,1.91,0,0,0,0
"2023-08-04 00:50:00",21.3,70.65,15.77,1.94,0,0,0,0
"2023-08-04 01:00:00",21.24,71.38,15.87,2.072,0,0,0,0
"2023-08-04 01:10:00",21.17,72.03,15.94,1.862,0,0,0,0
"2023-08-04 01:20:00",21.13,72.62,16.04,2.185,0,0,0,0
"2023-08-04 01:30:00",21.09,73.31,16.15,2.34,0,0,0,0
"2023-08-04 01:40:00",21.1,73.54,16.2,2.703,0,0,0,0
"2023-08-04 01:50:00",21.08,74.15,16.32,2.723,0,0,0,0
"2023-08-04 02:00:00",21.03,74.48,16.34,2.37,0,0,0,0
"2023-08-04 02:10:00",20.97,74.99,16.39,2.16,0,0,0,0
"2023-08-04 02:20:00",21,75.33,16.48,2.072,0,0,0,0
"2023-08-04 02:30:00",21.05,75.62,16.6,2.346,0,0,0,0
"2023-08-04 02:40:00",21.16,76.06,16.79,2.226,0,0,0,0
"2023-08-04 02:50:00",21.25,76.53,16.98,2.128,0,0,0,0
"2023-08-04 03:00:00",21.29,76.52,17.02,1.618,0,0,0,0
"2023-08-04 03:10:00",21.29,76.73,17.06,1.653,0,0,0,0
"2023-08-04 03:20:00",21.28,77.05,17.11,1.425,0,0,0,0
"2023-08-04 03:30:00",21.21,77.57,17.15,1.401,0,0,0,0
"2023-08-04 03:40:00",21.1,78.11,17.15,0.721,0,0,0,0
"2023-08-04 03:50:00",20.98,78.85,17.18,0.75,0,0,0,0
"2023-08-04 04:00:00",20.94,79.23,17.22,0.686,0,0,0,0
"2023-08-04 04:10:00",20.96,79.38,17.27,0.818,0,0,0,0
"2023-08-04 04:20:00",21.01,79.37,17.32,0.818,0,0,0,0
"2023-08-04 04:30:00",21.08,79.49,17.41,1.054,0,0,0,0
"2023-08-04 04:40:00",21.12,79.47,17.45,1.335,0,0,0,0
"2023-08-04 04:50:00",21.13,79.7,17.5,1.491,0,0,0,0
"2023-08-04 05:00:00",21.1,80.1,17.54,1.156,0,0,0,0
"2023-08-04 05:10:00",21.04,80.4,17.56,0.987,0,0,0,0
"2023-08-04 05:20:00",20.99,80.8,17.59,1.025,0,0,0,0
"2023-08-04 05:30:00",20.91,81.4,17.62,1.077,0,0,0,0
"2023-08-04 05:40:00",20.89,81.5,17.63,1.331,0,0,0,0
"2023-08-04 05:50:00",20.9,81.6,17.65,1.346,0,0,0,1.5
"2023-08-04 06:00:00",20.85,81.7,17.63,1.543,1,0,1,2.917
"2023-08-04 06:10:00",20.72,82.5,17.65,1.429,7,0,7,9
"2023-08-04 06:20:00",20.64,82.8,17.63,1.436,14,0,14,15
"2023-08-04 06:30:00",20.62,82.7,17.6,1.433,13,0,13,14
"2023-08-04 06:40:00",20.58,82.7,17.54,1.567,14.4,0,14.4,13.92
"2023-08-04 06:50:00",20.57,82.5,17.5,1.583,10,0,10,10
"2023-08-04 07:00:00",20.57,82.2,17.44,1.53,9,0,9,9
"2023-08-04 07:10:00",20.52,82.2,17.39,1.279,9.2,0,9.2,12.08
"2023-08-04 07:20:00",20.51,82.3,17.41,1.113,39,0,39,42
"2023-08-04 07:30:00",20.57,82,17.41,1.43,93.3,0,93.3,102.1
"2023-08-04 07:40:00",20.76,81.6,17.52,1.088,112.5,0,112.5,112.2
"2023-08-04 07:50:00",20.94,80.7,17.52,0.962,62.8,0,62.8,60.67
"2023-08-04 08:00:00",20.9,81.3,17.6,0.994,99.3,0,99.3,97
"2023-08-04 08:10:00",20.86,81.6,17.61,1.059,135,0,135,149.2
"2023-08-04 08:20:00",20.92,82,17.75,1.048,147.4,0,147.4,151.5
"2023-08-04 08:30:00",21.16,81.5,17.89,1.021,83.1,0,83.1,99.7
"2023-08-04 08:40:00",21.43,80.6,17.97,0.934,93.8,0,93.8,100.1
"2023-08-04 08:50:00",21.79,78.47,17.89,1.386,126.5,0,126.5,145.7
"2023-08-04 09:00:00",22.1,76.08,17.7,1.36,112.7,0,112.7,138.4
"2023-08-04 09:10:00",22.13,75.18,17.54,1.52,216.2,0,216.2,191.9
"2023-08-04 09:20:00",22.21,74.95,17.58,1.047,126.6,0,126.6,141.7
"2023-08-04 09:30:00",22.21,75.59,17.71,1.461,228.2,0,228.2,253.8
"2023-08-04 09:40:00",22.21,75.53,17.69,1.277,164.8,0,164.8,179.9
"2023-08-04 09:50:00",22.22,75.74,17.75,1.018,217.5,0.1,217.5,226.1
"2023-08-04 10:00:00",22.35,75.71,17.86,0.813,166.1,0,166.1,150.8
"2023-08-04 10:10:00",22.28,75.98,17.86,1.199,116,0,116,106.8
"2023-08-04 10:20:00",22.18,75.84,17.74,1.466,106.3,0,106.3,124.7
"2023-08-04 10:30:00",22.17,76.02,17.76,1.58,180.5,0,180.5,171.1
"2023-08-04 10:40:00",22.35,75.57,17.84,1.228,124.9,0,124.9,128.3
"2023-08-04 10:50:00",22.39,75.71,17.91,1.365,206.6,0,206.6,198.5
"2023-08-04 11:00:00",22.52,75.48,17.99,1.435,645.9,352.2,359.7,672.5
"2023-08-04 11:10:00",22.92,74.38,18.14,1.176,190.9,0,190.9,188.3
"2023-08-04 11:20:00",22.91,74.14,18.08,1.319,151.3,0,151.3,159.1
"2023-08-04 11:30:00",22.8,74.78,18.1,1.586,66.1,0,66.1,86
"2023-08-04 11:40:00",22.69,75.16,18.08,0.791,214.6,0,214.6,191.2
"2023-08-04 11:50:00",22.53,74.5,17.79,1.382,181.2,0,181.2,195.8
"2023-08-04 12:00:00",22.53,74.62,17.81,1.557,205.7,0,205.7,232.1
